﻿<?xml version="1.0" encoding="utf-8" ?>
<log4net>
  <!-- RollingFile is set to be a File Appender -->
  <appender name="LogRequest" type="log4net.Appender.RollingFileAppender" >

    <file value="Log/PagoServicios" />
    <datePattern value="dd-MM-yyyy'.log'" />
    <staticLogFileName value="false" />
    <appendToFile value="true" />
    <maximumFileSize value="50MB" />
    <maxSizeRollBackups value="25" />

    <layout type="log4net.Layout.PatternLayout">
      <conversionPattern value="%date%-5level %-50logger- %newline%message%newline%newline" />
    </layout>
  </appender>

  <logger additivity="false" name="LogRequest">
    <level value="DEBUG"/>
    <appender-ref ref="LogRequest" />
  </logger>

  
  <!-- Set root logger level to DEBUG and its only appender to RollingFile -->
  <!--
  <root>
    <level value="DEBUG" />
    <appender-ref ref="LogRequest" />
    <appender-ref ref="LogResponse" />
  </root>-->
</log4net>