<publishData>
  <publishTarget publishUrl="\\cmv8034\ServiciosPagoDeServicios\">
    <file relUrl="bin\LogBancaCMV/Log_3256ee0b-1aa8-4807-abc1-4978c78cebbc.txt" publishTime="03/23/2021 18:01:01" />
    <file relUrl="bin\LogBancaCMV/Log_bd3c20ed-3cc5-418d-a72a-db256e82d2ab.txt" publishTime="03/23/2021 16:57:04" />
    <file relUrl="bin\LogBancaCMV/Log_c090a7e4-a17d-4290-a510-cccd7e3d27aa.txt" publishTime="08/04/2020 11:29:49" />
    <file relUrl="bin\LogBancaCMV/Log_81b9c164-e2d9-431f-8b44-7ff87cdf2bc3.txt" publishTime="08/04/2020 10:11:37" />
    <file relUrl="bin\LogBancaCMV/Log_77ca9ae7-7a47-40f9-862e-89535410d5c9.txt" publishTime="03/23/2021 17:41:57" />
    <file relUrl="bin\LogBancaCMV/Log_1d7acb77-8b3f-4145-a1fd-02254793f50e.txt" publishTime="03/23/2021 15:55:56" />
    <file relUrl="bin/WS_PAGO_DE_SERVCIOS.dll" publishTime="03/24/2021 08:37:30" />
    <file relUrl="bin\LogBancaCMV/Log_22ec3b1b-988f-4d93-8ea6-8d6703c1fc0d.txt" publishTime="05/08/2020 12:53:19" />
    <file relUrl="bin\LogBancaCMV/Log_c60bbb00-a7d9-4edc-89e2-98d2c7d2cbf6.txt" publishTime="08/05/2020 12:00:33" />
    <file relUrl="bin/Newtonsoft.Json.xml" publishTime="05/08/2020 12:53:20" />
    <file relUrl="bin\LogBancaCMV/Log_f8853cc9-cd6b-42c8-aed6-a53f23cd3bf7.txt" publishTime="03/23/2021 17:43:51" />
    <file relUrl="bin\LogBancaCMV/Log_93eedc33-8ae1-4175-bce7-e314a942caae.txt" publishTime="08/04/2020 14:27:37" />
    <file relUrl="bin\LogBancaCMV/Log_eac81229-7a24-4fc7-b408-ef2cc3ad01dd.txt" publishTime="08/04/2020 14:22:22" />
    <file relUrl="bin\LogBancaCMV/Log_e5243ff0-9949-418b-9a40-1b3de4979fcf.txt" publishTime="08/04/2020 10:39:29" />
    <file relUrl="bin\LogBancaCMV/Log_4e93e32e-67cf-4bb0-8c49-7ee9e8b7a3bc.txt" publishTime="08/04/2020 10:41:44" />
    <file relUrl="bin\LogBancaCMV/Log_028dd3ff-81f4-4f36-a6a1-19a29f534eff.txt" publishTime="03/23/2021 16:29:02" />
    <file relUrl="bin\LogBancaCMV/Log_31c28d97-a267-4ea2-9cf2-9fbf4e47703f.txt" publishTime="08/05/2020 12:21:59" />
    <file relUrl="bin\LogBancaCMV/Log_78912242-85cd-40a8-a52d-8d350fd07ef1.txt" publishTime="03/23/2021 16:50:02" />
    <file relUrl="bin\LogBancaCMV/Log_85445706-2f22-4280-9d64-91a50d1acee1.txt" publishTime="08/04/2020 10:41:44" />
    <file relUrl="bin\LogBancaCMV/Log_ec348b31-44d5-44c1-99c8-d877b168a405.txt" publishTime="08/04/2020 10:53:15" />
    <file relUrl="bin\LogBancaCMV/Log_71019305-cf9c-4c75-8c44-777cb31de0c4.txt" publishTime="03/23/2021 17:43:50" />
    <file relUrl="bin\LogBancaCMV/Log_08e81301-d5c8-461c-9e5f-2fa6ca5be38e.txt" publishTime="08/04/2020 11:29:08" />
    <file relUrl="Properties/AssemblyInfo.cs" publishTime="05/08/2020 12:53:19" />
    <file relUrl="bin\LogBancaCMV/Log_7e9c7585-f57a-4bc8-a26b-5d8fc43c3ed4.txt" publishTime="08/05/2020 12:15:16" />
    <file relUrl="bin\LogBancaCMV/Log_53c01bac-b852-4cdc-8ff4-a628b9b969de.txt" publishTime="08/04/2020 10:39:29" />
    <file relUrl="bin\LogBancaCMV/Log_55f51d1a-dcb2-486f-ada4-eed34139f510.txt" publishTime="03/23/2021 18:06:58" />
    <file relUrl="bin\LogBancaCMV/Log_84179dff-53ef-4c3b-be75-52170ce9a813.txt" publishTime="03/23/2021 13:56:09" />
    <file relUrl="bin\LogBancaCMV/Log_d2c4b09d-08f5-4b98-8ab6-712ce66c7818.txt" publishTime="03/23/2021 16:27:19" />
    <file relUrl="bin\LogBancaCMV/Log_4841716c-13aa-4073-a5df-418b94c65f14.txt" publishTime="03/23/2021 17:54:15" />
    <file relUrl="bin\LogBancaCMV/Log_8b3425c4-a84c-4e40-9fd2-9c582c2c7f84.txt" publishTime="03/23/2021 13:45:14" />
    <file relUrl="bin\LogBancaCMV/Log_d6c9adee-5d4a-4862-a4a5-2f0e464ebcfe.txt" publishTime="08/04/2020 14:21:48" />
    <file relUrl="bin\LogBancaCMV/Log_b4776446-0db3-4ad2-9332-de33db76e2de.txt" publishTime="08/04/2020 10:35:05" />
    <file relUrl="bin\LogBancaCMV/Log_f92619e2-a853-43a2-b9bf-c428f335c7fa.txt" publishTime="03/23/2021 17:11:52" />
    <file relUrl="bin\LogBancaCMV/Log_9e2d09a1-3bf9-488b-8e76-48138bbd398b.txt" publishTime="08/04/2020 11:29:08" />
    <file relUrl="bin\LogBancaCMV/Log_f2f0d12a-49e0-44e3-a0a4-c09eacd138b6.txt" publishTime="03/23/2021 17:43:09" />
    <file relUrl="bin\LogBancaCMV/Log_8a0b2594-943c-4e9d-9d37-70675f3b6c56.txt" publishTime="03/23/2021 13:40:55" />
    <file relUrl="bin\LogBancaCMV/Log_dc3fd1b4-22e0-463b-82f1-4456bdc224af.txt" publishTime="03/23/2021 17:39:55" />
    <file relUrl="bin\LogBancaCMV/Log_328a3c96-e44a-4aa3-a065-d14e2647fcb8.txt" publishTime="03/23/2021 17:18:25" />
    <file relUrl="bin\LogBancaCMV/Log_5afce5c4-41b5-4a0a-a10f-1b61d2de9c38.txt" publishTime="03/23/2021 17:15:00" />
    <file relUrl="bin\LogBancaCMV/Log_53e25917-8349-4038-860a-d52214ea7a9a.txt" publishTime="03/23/2021 16:29:23" />
    <file relUrl="bin\LogBancaCMV/Log_84704bb4-d5e1-49ac-9efb-909909366855.txt" publishTime="08/04/2020 14:27:37" />
    <file relUrl="Interceptor/Header.cs" publishTime="05/08/2020 12:53:19" />
    <file relUrl="Interceptor/ServiceLog.cs" publishTime="05/08/2020 12:53:19" />
    <file relUrl="bin\LogBancaCMV/Log_a4ea3aee-01a4-4924-8736-dade4e4b446d.txt" publishTime="08/03/2020 16:45:03" />
    <file relUrl="bin\LogBancaCMV/Log_c88f29c2-8478-4372-8aaf-b2f85e85502d.txt" publishTime="08/03/2020 17:31:49" />
    <file relUrl="bin\LogBancaCMV/Log_9d8cd7a1-2faa-4172-94e6-d1cc47ec226a.txt" publishTime="08/03/2020 16:46:51" />
    <file relUrl="bin\LogBancaCMV/Log_7c6e6741-ecf8-4f3f-89a5-c14e0412a0d4.txt" publishTime="03/23/2021 17:09:21" />
    <file relUrl="Web.config" publishTime="03/24/2021 08:27:36" />
    <file relUrl="WS_PAGO_DE_SERVCIOS.PagoDeServicios.svc" publishTime="03/24/2021 08:48:50" />
    <file relUrl="bin\LogBancaCMV/Log_38b8d9ee-b452-411c-b98e-67b787e4f899.txt" publishTime="03/23/2021 18:06:18" />
    <file relUrl="bin\LogBancaCMV/Log_4fa9d5b2-ce06-4732-8cea-341903866352.txt" publishTime="03/23/2021 17:14:59" />
    <file relUrl="bin\LogBancaCMV/Log_7af2c62a-89f8-4207-944f-f4651f151036.txt" publishTime="08/05/2020 12:21:59" />
    <file relUrl="bin\LogBancaCMV/Log_6265fbee-16f3-4dea-9a03-61e3c1b08ef7.txt" publishTime="03/23/2021 17:43:11" />
    <file relUrl="bin\LogBancaCMV/Log_b86d1d4c-e4f0-40be-a24e-a0053597d74f.txt" publishTime="08/05/2020 12:00:33" />
    <file relUrl="bin\LogBancaCMV/Log_0826735d-de58-4844-a6f0-10eccab855bf.txt" publishTime="08/05/2020 12:17:46" />
    <file relUrl="bin\LogBancaCMV/Log_e2a29a3d-130e-48be-b39d-448ca486a025.txt" publishTime="08/04/2020 10:41:44" />
    <file relUrl="bin\LogBancaCMV/Log_3f6ee6fb-6a2b-4be4-9ead-4cbd0c6c4ed4.txt" publishTime="08/05/2020 12:15:22" />
    <file relUrl="bin\LogBancaCMV/Log_a829b898-6978-4088-82fb-616850f9ae93.txt" publishTime="03/23/2021 17:27:41" />
    <file relUrl="bin\LogBancaCMV/Log_9290b79a-6372-46d2-a872-049482aff631.txt" publishTime="08/04/2020 10:11:37" />
    <file relUrl="bin\LogBancaCMV/Log_df27507c-f276-40c8-af31-8a2a79ee25e2.txt" publishTime="03/23/2021 17:07:35" />
    <file relUrl="bin\LogBancaCMV/Log_5ef85cee-2ed2-447b-b064-888d0effae2b.txt" publishTime="03/23/2021 17:42:01" />
    <file relUrl="bin\LogBancaCMV/Log_1bcfd1ce-b503-4d3e-834f-0e18c937344b.txt" publishTime="03/23/2021 13:45:13" />
    <file relUrl="bin\LogBancaCMV/Log_98631c26-f702-40cc-9ef2-b26e2679d900.txt" publishTime="08/04/2020 11:29:57" />
    <file relUrl="bin\LogBancaCMV/Log_7f4160e8-951c-4b5b-b423-d2d21e003002.txt" publishTime="03/23/2021 17:27:41" />
    <file relUrl="bin\LogBancaCMV/Log_8c6ab351-d707-4f9b-82b2-e80160e947d0.txt" publishTime="03/23/2021 16:57:04" />
    <file relUrl="bin\LogBancaCMV/Log_6964db7f-6860-465f-aa24-f9026c64062b.txt" publishTime="03/23/2021 17:43:51" />
    <file relUrl="bin\LogBancaCMV/Log_87e4b55f-28fd-4569-8148-b148063a8891.txt" publishTime="08/05/2020 12:01:43" />
    <file relUrl="bin/log4net.xml" publishTime="02/17/2021 16:42:28" />
    <file relUrl="bin\LogBancaCMV/Log_c01cced8-49e9-485c-820d-5652b758d9ba.txt" publishTime="08/04/2020 14:28:08" />
    <file relUrl="bin\LogBancaCMV/Log_ff75dcf4-8858-4df6-af3d-e4a91afdec97.txt" publishTime="03/23/2021 17:54:15" />
    <file relUrl="bin\LogBancaCMV/Log_dfece6cd-09cf-4b84-8d50-12ca3e9873a8.txt" publishTime="03/23/2021 17:15:01" />
    <file relUrl="bin\Log/PagoServicios09-09-2020.log" publishTime="09/09/2020 11:58:30" />
    <file relUrl="bin\LogBancaCMV/Log_4826f3cc-d8ce-4cd3-b005-8520fc8ce5d3.txt" publishTime="08/04/2020 14:21:48" />
    <file relUrl="bin\LogBancaCMV/Log_23cb5d21-731e-4382-80e9-0f497321dad4.txt" publishTime="08/03/2020 17:31:49" />
    <file relUrl="bin\Log/PagoServicios04-08-2020.log" publishTime="08/04/2020 14:24:21" />
    <file relUrl="bin\LogBancaCMV/Log_34e38c6f-8010-42e0-bb2d-9d5dfd1b0a8e.txt" publishTime="08/03/2020 16:45:04" />
    <file relUrl="bin\LogBancaCMV/Log_c76bf94f-61bf-4964-95f3-e09bdbd413a2.txt" publishTime="03/23/2021 16:58:20" />
    <file relUrl="bin\LogBancaCMV/Log_fd1f69ab-d072-4c3e-94db-c1c70119b2f2.txt" publishTime="08/05/2020 12:17:47" />
    <file relUrl="bin\LogBancaCMV/Log_1fce1d6d-f9ca-4e0a-b5e2-7cb0abdbc70d.txt" publishTime="08/03/2020 17:31:49" />
    <file relUrl="bin\LogBancaCMV/Log_bc9543af-7237-459f-acdc-f86a4a7b37b8.txt" publishTime="03/23/2021 13:56:18" />
    <file relUrl="bin\LogBancaCMV/Log_e2f55246-024c-4e5d-9439-d48b4f4159e5.txt" publishTime="03/23/2021 16:46:50" />
    <file relUrl="bin\LogBancaCMV/Log_3c715dd0-d20b-42d9-8d8a-03ae7f4b9598.txt" publishTime="03/23/2021 16:46:50" />
    <file relUrl="Interceptor/Interceptor.cs" publishTime="05/08/2020 12:53:19" />
    <file relUrl="bin\LogBancaCMV/Log_53f68a74-0342-471b-b762-4a2a4fef8ade.txt" publishTime="03/23/2021 16:50:02" />
    <file relUrl="bin\LogBancaCMV/Log_d22f4f62-b8f9-4426-a80d-b5876d48b42f.txt" publishTime="08/04/2020 11:29:08" />
    <file relUrl="bin\LogBancaCMV/Log_873a7381-4980-4985-b507-46f9f0b534f2.txt" publishTime="08/03/2020 16:45:30" />
    <file relUrl="bin\LogBancaCMV/Log_37d95469-9bc3-43c0-9894-5ea66170dbfe.txt" publishTime="08/04/2020 14:27:41" />
    <file relUrl="bin\Log/PagoServicios23-03-2021.log" publishTime="03/23/2021 18:06:58" />
    <file relUrl="bin\LogBancaCMV/Log_2abe0e51-18e6-4db8-9dbf-449d770ea3d9.txt" publishTime="08/03/2020 16:46:50" />
    <file relUrl="bin\LogBancaCMV/Log_a051b4f6-da5e-4b57-ab3d-1cecdcca0542.txt" publishTime="08/05/2020 12:15:16" />
    <file relUrl="bin\LogBancaCMV/Log_bb9aa173-f571-45dc-b6e5-309abb03e29c.txt" publishTime="08/04/2020 14:22:21" />
    <file relUrl="bin/ws_pago_de_servicios_entidades.pdb" publishTime="03/24/2021 08:37:30" />
    <file relUrl="bin\LogBancaCMV/Log_4e76752e-a55d-414d-b2f9-6828e598217e.txt" publishTime="08/03/2020 16:46:50" />
    <file relUrl="bin\LogBancaCMV/Log_2593b240-5310-413c-90a1-c4fb7ac984a5.txt" publishTime="03/23/2021 17:43:11" />
    <file relUrl="bin\LogBancaCMV/Log_42f17a5d-a791-432c-a61a-02c8d2993739.txt" publishTime="03/23/2021 16:58:24" />
    <file relUrl="bin\LogBancaCMV/Log_78c267eb-c7fd-41c0-a25f-88b60896ec81.txt" publishTime="03/23/2021 16:32:05" />
    <file relUrl="bin\LogBancaCMV/Log_91ea9c6d-f335-4b71-a4f4-30f90ad89acd.txt" publishTime="03/23/2021 15:55:56" />
    <file relUrl="bin\LogBancaCMV/Log_59a1b9fd-c539-4ccc-96cc-54a7ea949991.txt" publishTime="03/23/2021 17:08:28" />
    <file relUrl="bin\LogBancaCMV/Log_d02520d3-a363-4b18-8e8b-6cfb88d3c3c6.txt" publishTime="08/05/2020 12:15:22" />
    <file relUrl="bin\LogBancaCMV/Log_b63d7459-f658-4bcb-a22e-8b824b14f4d1.txt" publishTime="08/05/2020 12:17:51" />
    <file relUrl="App.config" publishTime="03/24/2021 08:27:36" />
    <file relUrl="bin\LogBancaCMV/Log_2bc98384-41a3-491f-bd9f-0b6c24ecb526.txt" publishTime="03/23/2021 17:43:09" />
    <file relUrl="bin\LogBancaCMV/Log_4d282d0e-0e8d-4d9c-ad02-ff5dde6754eb.txt" publishTime="03/23/2021 18:01:01" />
    <file relUrl="bin\LogBancaCMV/Log_373bbcb6-3c9e-4021-9313-d2d5d5120526.txt" publishTime="08/04/2020 10:53:15" />
    <file relUrl="bin\Log/PagoServicios03-08-2020.log" publishTime="08/03/2020 16:46:52" />
    <file relUrl="bin\LogBancaCMV/Log_cd81ba82-fcda-45ea-ab69-257d7f077b87.txt" publishTime="03/23/2021 18:06:58" />
    <file relUrl="bin\LogBancaCMV/Log_1e2cb219-d6be-4f0f-980e-9245b749b402.txt" publishTime="08/05/2020 12:17:52" />
    <file relUrl="bin\LogBancaCMV/Log_941981bf-d474-4692-8eed-5a2cc58a4982.txt" publishTime="08/03/2020 16:45:03" />
    <file relUrl="bin\LogBancaCMV/Log_662b4d36-6088-4c50-b33a-be8b462835f2.txt" publishTime="03/23/2021 16:27:20" />
    <file relUrl="bin\LogBancaCMV/Log_8ed47f27-7240-4506-a780-d710a6066417.txt" publishTime="08/04/2020 14:23:37" />
    <file relUrl="bin\LogBancaCMV/Log_e354ae5d-380a-4851-87b3-d6330ec8bee0.txt" publishTime="08/04/2020 14:21:48" />
    <file relUrl="bin\LogBancaCMV/Log_6be749ac-2ac9-4ddf-87e8-4cc8e7b90746.txt" publishTime="03/23/2021 17:54:15" />
    <file relUrl="PagoDeServicios.cs" publishTime="03/24/2021 08:24:29" />
    <file relUrl="bin\LogBancaCMV/Log_aefd653a-c114-41d2-8acd-e343d9466d09.txt" publishTime="08/05/2020 12:17:51" />
    <file relUrl="bin\LogBancaCMV/Log_8a176308-cbe1-4878-9df0-310591905b1a.txt" publishTime="08/04/2020 10:35:05" />
    <file relUrl="bin\LogBancaCMV/Log_9fcc885e-ad54-47e6-b928-a4f6db727fb8.txt" publishTime="03/23/2021 17:07:35" />
    <file relUrl="bin\LogBancaCMV/Log_a565d93e-3ebf-41f7-a113-2b831e497af3.txt" publishTime="03/23/2021 13:45:13" />
    <file relUrl="bin\LogBancaCMV/Log_0961d81b-3f9f-46b3-9b9d-1fc2e125afc5.txt" publishTime="08/05/2020 12:17:52" />
    <file relUrl="bin/WS_PAGO_DE_SERVCIOS.dll.config" publishTime="03/24/2021 08:27:36" />
    <file relUrl="bin\LogBancaCMV/Log_1e37648f-4948-4bea-92e9-818fc6aee44b.txt" publishTime="08/05/2020 12:15:22" />
    <file relUrl="bin\LogBancaCMV/Log_2d4ba049-3214-46a8-a8d9-f1ed3727c628.txt" publishTime="08/04/2020 14:23:37" />
    <file relUrl="bin\LogBancaCMV/Log_2441b8a3-8c48-4454-8a5a-cb071f4145d5.txt" publishTime="08/05/2020 12:21:59" />
    <file relUrl="bin\LogBancaCMV/Log_9183c885-2876-4820-a33c-7f34d7a8c8bc.txt" publishTime="08/05/2020 12:22:04" />
    <file relUrl="bin\LogBancaCMV/Log_c677cfc0-2b43-4536-8a05-54f18bbdc3df.txt" publishTime="03/23/2021 17:59:59" />
    <file relUrl="bin\LogBancaCMV/Log_be2fc91c-b8a9-4cbe-8fcb-114c4f6b615d.txt" publishTime="03/23/2021 17:14:59" />
    <file relUrl="bin\LogBancaCMV/Log_08d8708b-5083-47e9-94bb-eeb851c4a4f9.txt" publishTime="08/03/2020 16:45:04" />
    <file relUrl="bin\LogBancaCMV/Log_14ce82dd-9a85-494b-a567-649ca8ba133c.txt" publishTime="03/23/2021 17:07:35" />
    <file relUrl="bin\LogBancaCMV/Log_8fd13ba2-feac-438a-bf0e-7a8b1af9ecb7.txt" publishTime="03/23/2021 13:36:52" />
    <file relUrl="bin\LogBancaCMV/Log_66a814ef-cb0b-4c52-8d21-12e7166e6ef8.txt" publishTime="03/23/2021 17:24:12" />
    <file relUrl="bin\LogBancaCMV/Log_2df0cb3e-7c06-436c-8652-cf5cfc16812f.txt" publishTime="08/04/2020 11:29:33" />
    <file relUrl="bin\LogBancaCMV/Log_831084a8-fcf5-4c74-bebe-e3f4aca7a49e.txt" publishTime="03/23/2021 16:22:45" />
    <file relUrl="bin\LogBancaCMV/Log_f39aa1a2-0948-4999-a975-635402bd5d90.txt" publishTime="08/04/2020 10:11:37" />
    <file relUrl="bin\LogBancaCMV/Log_84b0655a-65f6-426f-ac5a-8aa9e5718a62.txt" publishTime="03/23/2021 17:18:25" />
    <file relUrl="bin\LogBancaCMV/Log_3a10703e-549b-47e8-9c01-cde9d7458f16.txt" publishTime="08/05/2020 12:17:46" />
    <file relUrl="bin\LogBancaCMV/Log_8f9d70ed-0539-4351-bac6-5b84299fd88e.txt" publishTime="08/05/2020 12:21:59" />
    <file relUrl="bin\LogBancaCMV/Log_37ffb667-c935-47ec-a28f-37f440ffc586.txt" publishTime="03/23/2021 17:42:01" />
    <file relUrl="log4net.xml" publishTime="02/17/2021 16:42:28" />
    <file relUrl="bin\LogBancaCMV/Log_5a03dd4b-22a1-448f-a16d-eca1b7a12df0.txt" publishTime="08/03/2020 17:31:49" />
    <file relUrl="bin\LogBancaCMV/Log_15dfbb50-945e-48a1-9969-71aff7a03216.txt" publishTime="03/23/2021 18:03:54" />
    <file relUrl="bin\LogBancaCMV/Log_77de89fb-9ca5-4c0a-bb2d-5a6f8cdf1e4d.txt" publishTime="08/05/2020 12:00:39" />
    <file relUrl="bin\LogBancaCMV/Log_c14fb26f-4d01-43cc-a3bf-f18e1e72db3a.txt" publishTime="08/04/2020 10:39:41" />
    <file relUrl="bin\LogBancaCMV/Log_6d482e73-95e5-4844-8cf3-4258b647871b.txt" publishTime="08/04/2020 14:27:37" />
    <file relUrl="bin\LogBancaCMV/Log_78e9768f-6785-4e1e-8b3b-5c6ec195dc87.txt" publishTime="08/03/2020 16:46:50" />
    <file relUrl="bin\LogBancaCMV/Log_3a7da1ec-7aee-4d20-a471-34b5c6ced0c9.txt" publishTime="03/23/2021 17:43:09" />
    <file relUrl="bin\LogBancaCMV/Log_4cd631ed-9840-4336-a141-11d95de5fb40.txt" publishTime="08/05/2020 12:22:05" />
    <file relUrl="bin\LogBancaCMV/Log_1c6cb5b0-8f23-423b-b5ed-00ea3dbef612.txt" publishTime="03/23/2021 16:22:48" />
    <file relUrl="bin\LogBancaCMV/Log_841f3e27-2046-4a09-b02c-5145a15dd8ed.txt" publishTime="03/23/2021 17:09:45" />
    <file relUrl="bin\LogBancaCMV/Log_3020b897-8c52-4b12-8d1a-bc45177839a6.txt" publishTime="03/23/2021 17:27:36" />
    <file relUrl="bin\LogBancaCMV/Log_e2a643e9-b758-42e0-9417-83054017e718.txt" publishTime="03/23/2021 16:50:02" />
    <file relUrl="bin\LogBancaCMV/Log_8cd0a28a-f668-4b9d-9b19-2b08a7720060.txt" publishTime="03/23/2021 18:03:54" />
    <file relUrl="bin\LogBancaCMV/Log_b2a455e0-2a23-418e-a649-cf66c37a4066.txt" publishTime="03/23/2021 17:09:45" />
    <file relUrl="bin\LogBancaCMV/Log_8ae1b751-3093-4279-b8a6-5271c4233558.txt" publishTime="03/23/2021 17:27:36" />
    <file relUrl="WS_PAGO_DE_SERVCIOS.csproj.user" publishTime="03/24/2021 08:18:00" />
    <file relUrl="bin\LogBancaCMV/Log_398f3702-259e-4a95-bdcc-f9eec3680bf0.txt" publishTime="03/23/2021 17:18:25" />
    <file relUrl="bin\LogBancaCMV/Log_f5ad3db5-6c34-4100-a5d2-c97ceee05328.txt" publishTime="03/23/2021 17:08:28" />
    <file relUrl="bin\LogBancaCMV/Log_b190a94f-f0db-4d66-8ff0-12a2046e307f.txt" publishTime="08/04/2020 14:23:37" />
    <file relUrl="bin\LogBancaCMV/Log_0bcbd0f2-3aa9-4eb9-9e7a-73dd70b85bd3.txt" publishTime="03/23/2021 18:06:58" />
    <file relUrl="bin\LogBancaCMV/Log_126cd8c6-3f7f-4b79-99d7-c3072d9a19df.txt" publishTime="08/04/2020 14:27:37" />
    <file relUrl="bin\LogBancaCMV/Log_e4cd1691-30f7-45e2-b851-17954a417db8.txt" publishTime="08/05/2020 12:00:33" />
    <file relUrl="bin\Log/PagoServicios24-03-2021.log" publishTime="03/24/2021 08:38:38" />
    <file relUrl="bin\LogBancaCMV/Log_1a5c8296-fc61-420d-991d-b2d88dde7083.txt" publishTime="08/03/2020 16:45:30" />
    <file relUrl="bin\LogBancaCMV/Log_e57eb2da-fd65-47cc-a90f-2a868bce1f25.txt" publishTime="08/03/2020 16:46:52" />
    <file relUrl="bin\LogBancaCMV/Log_61976ad9-bf6e-41b3-bd46-2557d2936894.txt" publishTime="08/04/2020 11:29:49" />
    <file relUrl="bin\LogBancaCMV/Log_b0aeb78b-2767-43e4-920c-346433839227.txt" publishTime="08/04/2020 10:35:05" />
    <file relUrl="bin\LogBancaCMV/Log_0c5a971c-3250-4eca-9e09-3a7b7a97c961.txt" publishTime="03/23/2021 17:43:50" />
    <file relUrl="bin\LogBancaCMV/Log_fbbae83a-16a2-443b-88af-6801fb7d15f2.txt" publishTime="08/04/2020 10:35:05" />
    <file relUrl="bin\LogBancaCMV/Log_9cf6648f-0b52-400a-a10a-1f4f99de09e7.txt" publishTime="03/23/2021 18:06:18" />
    <file relUrl="bin\LogBancaCMV/Log_b1a03366-0c97-4958-8f36-993f44a61693.txt" publishTime="08/05/2020 12:22:04" />
    <file relUrl="bin\LogBancaCMV/Log_8c389131-c559-4f04-a28c-86ba3cbff17e.txt" publishTime="08/03/2020 16:45:30" />
    <file relUrl="bin\LogBancaCMV/Log_b84c59d7-a2de-4dbb-8833-6b5e1e08d782.txt" publishTime="08/03/2020 16:45:30" />
    <file relUrl="bin\LogBancaCMV/Log_e7dbc42e-4f97-48cf-95ca-1545ce519b63.txt" publishTime="03/23/2021 13:45:13" />
    <file relUrl="bin\LogBancaCMV/Log_39603366-f1bc-4ff6-b8a2-8f343be22b8b.txt" publishTime="08/04/2020 10:39:41" />
    <file relUrl="bin\LogBancaCMV/Log_03fda2dd-64e1-44fc-9b36-ee8b227038d2.txt" publishTime="08/04/2020 14:28:08" />
    <file relUrl="bin\LogBancaCMV/Log_7a110333-ba4a-4037-b745-956d9ce1cf6f.txt" publishTime="03/23/2021 13:45:13" />
    <file relUrl="bin\LogBancaCMV/Log_af448182-13cd-47a7-944c-641bdaf3fc44.txt" publishTime="03/23/2021 13:56:10" />
    <file relUrl="packages.config" publishTime="05/08/2020 12:53:19" />
    <file relUrl="bin\LogBancaCMV/Log_7a386213-3620-41db-8da1-f879559375c9.txt" publishTime="08/05/2020 12:15:16" />
    <file relUrl="IPagoDeServicios.cs" publishTime="02/17/2021 16:42:28" />
    <file relUrl="Interceptor/MessageInspector.cs" publishTime="02/17/2021 16:42:28" />
    <file relUrl="bin\LogBancaCMV/Log_cce55f79-07a5-45a5-b6f0-deea6145b333.txt" publishTime="03/23/2021 17:24:12" />
    <file relUrl="bin\LogBancaCMV/Log_772f1970-54c7-4c7a-aa27-5b934e073e82.txt" publishTime="08/03/2020 16:44:21" />
    <file relUrl="bin\LogBancaCMV/Log_6f4e0b0e-06e1-42eb-8cb6-90edbf559d32.txt" publishTime="03/23/2021 16:29:16" />
    <file relUrl="Interceptor/ModelInterceptor.cs" publishTime="05/08/2020 12:53:19" />
    <file relUrl="bin/Newtonsoft.Json.dll" publishTime="05/08/2020 12:53:19" />
    <file relUrl="bin/ws_pago_de_servicios_entidades.dll" publishTime="03/24/2021 08:37:30" />
    <file relUrl="bin\LogBancaCMV/Log_6b0b60f0-756c-4a79-b1d9-addeb7bcd85a.txt" publishTime="08/04/2020 11:29:08" />
    <file relUrl="bin\LogBancaCMV/Log_bc141df0-2738-400d-bec2-b69d3c159a53.txt" publishTime="08/05/2020 12:15:24" />
    <file relUrl="bin\Log/PagoServicios13-02-2020.log" publishTime="05/08/2020 12:53:19" />
    <file relUrl="bin\LogBancaCMV/Log_c27de483-e6a9-408f-adab-47945a2b807e.txt" publishTime="03/23/2021 18:01:01" />
    <file relUrl="bin\LogBancaCMV/Log_df263c5b-2dfa-4a53-809a-8c0cb68c657d.txt" publishTime="08/05/2020 12:00:44" />
    <file relUrl="bin\LogBancaCMV/Log_5b9ed746-efe3-40ba-ba9a-edd63a605238.txt" publishTime="03/23/2021 17:08:28" />
    <file relUrl="bin\LogBancaCMV/Log_c223d18b-d910-4a96-87b1-fcbfb276b1cc.txt" publishTime="03/23/2021 13:56:09" />
    <file relUrl="bin\LogBancaCMV/Log_1c3abaaa-b5ad-4e0a-bc77-159b4fc7189b.txt" publishTime="08/04/2020 10:53:15" />
    <file relUrl="bin\LogBancaCMV/Log_65d66c0f-3d52-416e-835e-afd8ea73f837.txt" publishTime="03/23/2021 16:55:18" />
    <file relUrl="bin\LogBancaCMV/Log_d74e1f35-94c1-4638-a04f-1de0ab8c460e.txt" publishTime="03/23/2021 17:54:15" />
    <file relUrl="bin\LogBancaCMV/Log_4fed6f66-d20e-4e1e-b78b-45a5d42b3fff.txt" publishTime="03/23/2021 13:56:18" />
    <file relUrl="bin\LogBancaCMV/Log_b0fe11f1-e2d2-40c8-9729-ee1d3d3e91fe.txt" publishTime="08/04/2020 14:23:47" />
    <file relUrl="bin\LogBancaCMV/Log_b57b0adb-79d2-43cb-b809-4f06e7e3737d.txt" publishTime="08/05/2020 12:00:44" />
    <file relUrl="bin\LogBancaCMV/Log_68bbc667-24b1-48c7-8fca-c5dba377039f.txt" publishTime="03/23/2021 16:46:50" />
    <file relUrl="bin\LogBancaCMV/Log_50b9e1cd-6564-4fee-9098-8b0d8e025e2b.txt" publishTime="03/23/2021 16:55:18" />
    <file relUrl="bin\LogBancaCMV/Log_aafcdf00-a16f-4e4a-a631-4bae8144cff3.txt" publishTime="03/23/2021 17:27:36" />
    <file relUrl="bin\LogBancaCMV/Log_aefda491-e4dd-4a01-99ac-d4aaa01d9105.txt" publishTime="03/23/2021 16:57:04" />
    <file relUrl="bin\LogBancaCMV/Log_f257fdea-d8ed-44a7-b404-30db5f32f53f.txt" publishTime="03/23/2021 17:59:59" />
    <file relUrl="bin\LogBancaCMV/Log_93584e26-4dcc-4faa-9038-6a45d43d79fa.txt" publishTime="08/05/2020 12:00:33" />
    <file relUrl="bin\LogBancaCMV/Log_c140c82a-551a-451e-8901-1c20cb23fe7d.txt" publishTime="08/04/2020 14:24:21" />
    <file relUrl="bin\LogBancaCMV/Log_b13c6a50-a6a9-48d8-b658-b91c966e61f8.txt" publishTime="03/23/2021 13:41:31" />
    <file relUrl="bin\LogBancaCMV/Log_ff651a28-3f67-4618-b74c-c731ecd5cdd2.txt" publishTime="03/23/2021 17:43:50" />
    <file relUrl="bin\LogBancaCMV/Log_0fc500ee-c5c8-4927-bfab-4ae509233683.txt" publishTime="03/23/2021 13:40:54" />
    <file relUrl="bin\LogBancaCMV/Log_e131ded1-e952-4b09-b964-751cc9973166.txt" publishTime="03/23/2021 18:06:58" />
    <file relUrl="bin\LogBancaCMV/Log_4096d18c-eba6-4efa-8094-156e87250418.txt" publishTime="08/05/2020 12:15:16" />
    <file relUrl="bin\LogBancaCMV/Log_ebef70be-9b7f-46c2-993b-128d99f0432a.txt" publishTime="03/23/2021 18:03:54" />
    <file relUrl="bin\LogBancaCMV/Log_4f522529-33a9-4da5-b2fe-3a09b765a759.txt" publishTime="03/23/2021 16:55:18" />
    <file relUrl="bin\LogBancaCMV/Log_9b5a3b3a-dae7-4083-87a6-7a9eb0b022a1.txt" publishTime="03/23/2021 13:45:14" />
    <file relUrl="bin\LogBancaCMV/Log_fc29a891-855b-4545-9f07-519a6bfbe436.txt" publishTime="08/05/2020 12:22:04" />
    <file relUrl="bin\LogBancaCMV/Log_7cbf8298-8e73-4a87-8b98-648dfc0a6831.txt" publishTime="03/23/2021 18:01:01" />
    <file relUrl="bin\LogBancaCMV/Log_94305b17-9838-4b18-9569-a037a7744a2e.txt" publishTime="08/05/2020 12:17:46" />
    <file relUrl="bin\LogBancaCMV/Log_e09d3e2e-581d-427c-8a3b-17c172027d14.txt" publishTime="08/04/2020 10:39:29" />
    <file relUrl="bin\LogBancaCMV/Log_43a22b50-41a8-4465-af42-954a4e145175.txt" publishTime="03/23/2021 18:03:57" />
    <file relUrl="bin\LogBancaCMV/Log_16dc276d-97a9-4b8f-b469-2bc3017d4c69.txt" publishTime="03/23/2021 17:39:55" />
    <file relUrl="bin\LogBancaCMV/Log_15e10d29-bfac-4878-a492-20471cec3be1.txt" publishTime="08/04/2020 11:29:49" />
    <file relUrl="bin\LogBancaCMV/Log_03626a66-af65-4871-b4cd-391d64b43893.txt" publishTime="08/04/2020 10:41:44" />
    <file relUrl="bin\LogBancaCMV/Log_bd47f1fb-8c5e-4ec9-a6c2-e1d4348f59ae.txt" publishTime="03/23/2021 16:32:04" />
    <file relUrl="bin\LogBancaCMV/Log_d45924cb-3e3b-45a1-84ea-9816c04de0d2.txt" publishTime="08/05/2020 12:00:44" />
    <file relUrl="bin\LogBancaCMV/Log_fd1304fa-4608-4ad3-af3f-7abb3e5c9a12.txt" publishTime="03/23/2021 18:06:57" />
    <file relUrl="bin\LogBancaCMV/Log_2d1ed650-3e5f-4e24-a6a7-56a151d47c68.txt" publishTime="08/04/2020 11:29:57" />
    <file relUrl="bin/log4net.dll" publishTime="05/08/2020 12:53:20" />
    <file relUrl="bin\LogBancaCMV/Log_287197e1-f4cb-4da6-9dfb-bd89f82ff60f.txt" publishTime="03/23/2021 18:01:02" />
    <file relUrl="bin\LogBancaCMV/Log_3985f3e6-dbea-4ae9-9514-bfd1c41ecf9c.txt" publishTime="08/03/2020 16:45:03" />
    <file relUrl="bin\LogBancaCMV/Log_97780a81-15dc-418e-8a36-4905190343e4.txt" publishTime="08/04/2020 11:29:49" />
    <file relUrl="bin\LogBancaCMV/Log_03e4641e-11fa-4d53-94c1-d7c65f32ecdf.txt" publishTime="03/23/2021 13:39:01" />
    <file relUrl="bin\Log/PagoServicios05-08-2020.log" publishTime="08/05/2020 12:22:05" />
    <file relUrl="bin\LogBancaCMV/Log_34751f17-8179-4c3c-8e7b-f62341784611.txt" publishTime="03/23/2021 13:41:05" />
    <file relUrl="bin\LogBancaCMV/Log_cf4c8920-2b1c-4752-83ba-dbf1ee19a28e.txt" publishTime="03/23/2021 17:24:12" />
    <file relUrl="bin\LogBancaCMV/Log_c47ccc34-d252-4a5f-8d8d-bc392fdc6e25.txt" publishTime="08/05/2020 12:22:04" />
    <file relUrl="bin\LogBancaCMV/Log_cb492d9c-b2c6-4248-b372-6e21e7335645.txt" publishTime="03/23/2021 18:06:18" />
    <file relUrl="bin\LogBancaCMV/Log_5411f6eb-282d-4ba6-a495-bb5a7a4944d6.txt" publishTime="03/23/2021 17:09:45" />
    <file relUrl="bin\LogBancaCMV/Log_85de042a-0cd2-45a9-b3aa-6bd05e28514d.txt" publishTime="08/04/2020 10:53:15" />
    <file relUrl="bin\LogBancaCMV/Log_88bd0729-47a7-4d2b-be44-3fe7efc25df7.txt" publishTime="08/04/2020 14:23:37" />
    <file relUrl="bin\LogBancaCMV/Log_f7ac3e1f-36ab-41b5-b785-b608dc706e09.txt" publishTime="08/03/2020 16:45:31" />
    <file relUrl="bin\LogBancaCMV/Log_1f5077c4-ecbb-46e1-8cc3-af73a3e27d47.txt" publishTime="03/23/2021 16:58:24" />
    <file relUrl="bin/ws_pago_de_servicios_utilidades.pdb" publishTime="03/24/2021 08:18:00" />
    <file relUrl="bin\LogBancaCMV/Log_bdaa1744-293d-491d-a0a8-c31d805e4138.txt" publishTime="08/03/2020 16:46:50" />
    <file relUrl="bin\LogBancaCMV/Log_49d1c807-2c19-43e7-9c88-ff804162e81f.txt" publishTime="03/23/2021 13:56:09" />
    <file relUrl="bin\LogBancaCMV/Log_35107277-a623-42f4-8fa7-dfaf8e8d83f7.txt" publishTime="08/05/2020 12:15:22" />
    <file relUrl="bin\LogBancaCMV/Log_a02a9f77-30a0-4aa1-8011-85aff4cade2d.txt" publishTime="08/03/2020 16:45:03" />
    <file relUrl="bin\LogBancaCMV/Log_5652b6ab-739d-4e9f-95d2-d7a3881a798f.txt" publishTime="03/23/2021 16:22:49" />
    <file relUrl="bin\LogBancaCMV/Log_bc05cee5-3dc1-47a5-a18e-57ce87f1945f.txt" publishTime="08/05/2020 12:17:51" />
    <file relUrl="bin\LogBancaCMV/Log_af0d1f4a-74bf-4d43-9b48-3a72054a204c.txt" publishTime="03/23/2021 16:27:19" />
    <file relUrl="bin\LogBancaCMV/Log_71308f24-f9e3-430b-8e07-060c61f19d50.txt" publishTime="03/23/2021 16:58:20" />
    <file relUrl="bin\LogBancaCMV/Log_201c579c-809c-452e-af8d-f60de833d6dc.txt" publishTime="08/04/2020 14:28:08" />
    <file relUrl="bin\LogBancaCMV/Log_09f397f7-1fca-4dfa-b5d5-020bc2ae7335.txt" publishTime="03/23/2021 15:55:56" />
    <file relUrl="bin\LogBancaCMV/Log_be174fb6-3787-42ce-bbcb-af815e329225.txt" publishTime="08/05/2020 12:00:44" />
    <file relUrl="bin/WS_PAGO_DE_SERVCIOS.pdb" publishTime="03/24/2021 08:37:30" />
    <file relUrl="WS_PAGO_DE_SERVCIOS.csproj" publishTime="03/23/2021 13:44:02" />
    <file relUrl="bin\LogBancaCMV/Log_2a921ddd-80e4-451a-86dc-3f1d4a16a780.txt" publishTime="03/23/2021 17:09:21" />
    <file relUrl="bin\LogBancaCMV/Log_1bfd1e90-3870-498b-9a60-e3e9d387ffb3.txt" publishTime="03/23/2021 17:14:59" />
    <file relUrl="bin\LogBancaCMV/Log_c25e2c34-77ec-46d1-9bc5-86559e7168ea.txt" publishTime="03/23/2021 17:59:59" />
    <file relUrl="bin\LogBancaCMV/Log_c1369e8e-b9e2-4376-be3b-28babecc3821.txt" publishTime="03/23/2021 13:40:56" />
    <file relUrl="bin\LogBancaCMV/Log_f83a58c3-9a4a-44b1-9051-e65eb94c501d.txt" publishTime="08/04/2020 14:28:08" />
    <file relUrl="bin\LogBancaCMV/Log_e40d712d-89ec-42f9-823f-7d20676725c4.txt" publishTime="08/04/2020 14:21:48" />
    <file relUrl="bin\LogBancaCMV/Log_85f9dc60-f422-4688-86d8-075ee279d7a4.txt" publishTime="03/23/2021 13:38:20" />
    <file relUrl="bin\LogBancaCMV/Log_bd17f8d0-33e1-457c-ac0c-522ab60a1630.txt" publishTime="08/04/2020 11:29:33" />
    <file relUrl="bin\LogBancaCMV/Log_d2156b46-153b-4d5e-a8b1-0107a98bd39d.txt" publishTime="08/04/2020 10:11:37" />
    <file relUrl="bin\LogBancaCMV/Log_5e3b3b52-a757-46e6-b152-1d768e0a2a7f.txt" publishTime="03/23/2021 16:32:04" />
    <file relUrl="bin\LogBancaCMV/Log_805b98ec-bf64-40ee-bace-99512aba2a60.txt" publishTime="03/23/2021 18:06:18" />
    <file relUrl="bin\LogBancaCMV/Log_8e99aedd-961d-4939-a836-68e83132a75c.txt" publishTime="08/03/2020 16:45:30" />
    <file relUrl="bin\LogBancaCMV/Log_be0a13f4-ce08-4e58-80a4-b5a02bbc5ab3.txt" publishTime="08/05/2020 12:15:22" />
    <file relUrl="bin\LogBancaCMV/Log_9441bf3e-67ed-4daf-a5fc-1206092d2da1.txt" publishTime="03/23/2021 17:54:15" />
    <file relUrl="bin\Log/PagoServicios06-03-2020.log" publishTime="05/08/2020 12:53:19" />
    <file relUrl="bin\LogBancaCMV/Log_213c0a3e-f0de-4492-bd09-b582115579fe.txt" publishTime="08/05/2020 12:17:51" />
    <file relUrl="bin\LogBancaCMV/Log_389b37bf-ef92-4262-b728-5ea2320458ae.txt" publishTime="03/23/2021 17:43:05" />
    <file relUrl="bin/AutoMapper.dll" publishTime="08/06/2020 11:18:34" />
    <file relUrl="bin\LogBancaCMV/Log_8c27e6cd-726b-4f0b-8b67-d01b087a5fcc.txt" publishTime="03/23/2021 18:06:19" />
    <file relUrl="bin\LogBancaCMV/Log_693e7d2b-f5a4-4a7c-bf72-067758ef1610.txt" publishTime="08/04/2020 10:39:29" />
    <file relUrl="bin\LogBancaCMV/Log_f889e7fc-9ebb-4dd7-9925-d15f718c9d64.txt" publishTime="08/05/2020 12:22:04" />
    <file relUrl="bin\LogBancaCMV/Log_6406cffb-15e0-469c-b54a-6fce4a7c2a24.txt" publishTime="03/23/2021 18:03:57" />
    <file relUrl="bin\LogBancaCMV/Log_bb542541-dfef-4cb4-8d09-2ad4e4fc5559.txt" publishTime="03/23/2021 13:40:55" />
    <file relUrl="bin\LogBancaCMV/Log_a1f4f21c-ad80-41c4-8f8e-074ef4ed5fe2.txt" publishTime="03/23/2021 17:42:01" />
    <file relUrl="bin/ws_pago_de_servicios_utilidades.dll" publishTime="03/24/2021 08:18:00" />
    <file relUrl="bin\LogBancaCMV/Log_40a9de9c-cf8d-4692-a502-3b06e0b3f38c.txt" publishTime="03/23/2021 16:58:24" />
    <file relUrl="bin\LogBancaCMV/Log_b8b7ba13-b642-40d9-a859-8e698c6272df.txt" publishTime="03/23/2021 17:39:54" />
  </publishTarget>
  <publishTarget publishUrl="\\CMV4019\ServiciosPagoDeServicios\">
    <file relUrl="bin\Log/PagoServicios06-03-2020.log" publishTime="03/13/2020 12:47:24" />
    <file relUrl="Interceptor/ModelInterceptor.cs" publishTime="03/13/2020 12:47:24" />
    <file relUrl="bin\LogBancaCMV/Log_e9951045-79aa-488f-b44f-b697e69ca83f.txt" publishTime="05/21/2020 11:39:48" />
    <file relUrl="bin\LogBancaCMV/Log_e99d8e5e-ebf2-448f-9907-35fe4838af8f.txt" publishTime="11/05/2020 16:03:55" />
    <file relUrl="bin\LogBancaCMV/Log_3aca4c38-5d06-41e8-9ed3-69c231eff087.txt" publishTime="05/21/2020 10:31:53" />
    <file relUrl="Web.config" publishTime="01/07/2021 08:36:54" />
    <file relUrl="IPagoDeServicios.cs" publishTime="11/04/2020 16:47:51" />
    <file relUrl="bin\LogBancaCMV/Log_9749f270-e67b-4f1c-9243-2f2aab5a5dec.txt" publishTime="05/21/2020 11:39:48" />
    <file relUrl="WS_PAGO_DE_SERVCIOS.csproj" publishTime="11/04/2020 16:07:56" />
    <file relUrl="bin/Newtonsoft.Json.dll" publishTime="03/13/2020 12:47:25" />
    <file relUrl="bin/WS_PAGO_DE_SERVCIOS.dll" publishTime="01/07/2021 08:37:38" />
    <file relUrl="WS_PAGO_DE_SERVCIOS.PagoDeServicios.svc" publishTime="01/07/2021 08:41:37" />
    <file relUrl="bin\LogBancaCMV/Log_4c7c3661-b10e-46a2-9f4a-da656133d256.txt" publishTime="05/21/2020 10:31:53" />
    <file relUrl="bin/ws_pago_de_servicios_utilidades.dll" publishTime="01/07/2021 08:37:37" />
    <file relUrl="bin\LogBancaCMV/Log_52161ed8-a3ae-4279-8be6-d9a20e6a348a.txt" publishTime="11/05/2020 16:04:08" />
    <file relUrl="bin/WS_PAGO_DE_SERVCIOS.pdb" publishTime="01/07/2021 08:37:38" />
    <file relUrl="bin\LogBancaCMV/Log_e53f955c-67a1-4199-9fb8-cadba6efc4a7.txt" publishTime="11/05/2020 09:50:04" />
    <file relUrl="bin\LogBancaCMV/Log_666e0f70-d2fa-4371-b62c-cf5df13b780b.txt" publishTime="05/21/2020 11:36:44" />
    <file relUrl="bin\LogBancaCMV/Log_191b9950-ca6e-4821-bb36-b95d1059bea9.txt" publishTime="05/21/2020 11:34:10" />
    <file relUrl="bin/Newtonsoft.Json.xml" publishTime="03/13/2020 12:47:25" />
    <file relUrl="bin\LogBancaCMV/Log_401789fe-336f-4c1e-ae66-66375ad7a9df.txt" publishTime="05/21/2020 11:40:24" />
    <file relUrl="Properties/AssemblyInfo.cs" publishTime="03/13/2020 12:47:24" />
    <file relUrl="Interceptor/Header.cs" publishTime="03/13/2020 12:47:24" />
    <file relUrl="Interceptor/Interceptor.cs" publishTime="03/13/2020 12:47:24" />
    <file relUrl="bin/WS_PAGO_DE_SERVCIOS.dll.config" publishTime="01/07/2021 08:36:54" />
    <file relUrl="bin/ws_pago_de_servicios_entidades.dll" publishTime="01/07/2021 08:37:37" />
    <file relUrl="bin\LogBancaCMV/Log_84198080-8eae-41a2-aa90-d04852704862.txt" publishTime="05/21/2020 11:34:11" />
    <file relUrl="bin\LogBancaCMV/Log_bf95334d-210e-4a1f-84e8-91bc73d4f2be.txt" publishTime="11/05/2020 10:07:39" />
    <file relUrl="bin\LogBancaCMV/Log_16f3c5d3-2089-417b-b448-179c0962bfc0.txt" publishTime="05/21/2020 10:31:53" />
    <file relUrl="bin\LogBancaCMV/Log_ee1deceb-df4e-4d82-a34b-faaea3b29b86.txt" publishTime="05/21/2020 11:39:03" />
    <file relUrl="bin/AutoMapper.dll" publishTime="11/04/2020 16:07:56" />
    <file relUrl="bin\LogBancaCMV/Log_6d8a5890-27bd-4b27-8120-cf8a471f6a38.txt" publishTime="05/21/2020 11:34:49" />
    <file relUrl="bin\LogBancaCMV/Log_d49d9f4f-e4c4-40f3-941a-69eec7d53439.txt" publishTime="05/21/2020 09:38:34" />
    <file relUrl="bin\Log/PagoServicios13-02-2020.log" publishTime="03/13/2020 12:47:24" />
    <file relUrl="bin\LogBancaCMV/Log_c9daa8d1-11be-46be-9462-26aecf2afd43.txt" publishTime="05/21/2020 10:31:55" />
    <file relUrl="bin\LogBancaCMV/Log_ab9e390f-cdcb-45ba-aaa1-cf892497ad34.txt" publishTime="05/21/2020 09:38:33" />
    <file relUrl="bin\LogBancaCMV/Log_92f3bb83-99c0-4be8-a32c-c00c97d0e8d0.txt" publishTime="11/04/2020 17:05:55" />
    <file relUrl="bin\LogBancaCMV/Log_3069f20e-7985-4179-a0e2-6877952ee6a4.txt" publishTime="11/05/2020 16:05:11" />
    <file relUrl="bin\LogBancaCMV/Log_642d3001-b8d4-4e43-a8fc-217c2247dd3c.txt" publishTime="11/04/2020 17:01:38" />
    <file relUrl="bin\LogBancaCMV/Log_ed84571a-d6f1-47c9-aedb-2f499f2af563.txt" publishTime="05/21/2020 11:39:48" />
    <file relUrl="bin\LogBancaCMV/Log_afab8008-b253-442a-8ceb-568a3139ff55.txt" publishTime="11/05/2020 10:08:24" />
    <file relUrl="bin\LogBancaCMV/Log_f562c160-23cc-4688-9551-29c434d23a0e.txt" publishTime="05/21/2020 11:39:48" />
    <file relUrl="bin\Log/PagoServicios05-11-2020.log" publishTime="11/05/2020 16:05:11" />
    <file relUrl="Interceptor/ServiceLog.cs" publishTime="03/13/2020 12:47:24" />
    <file relUrl="packages.config" publishTime="03/13/2020 12:47:25" />
    <file relUrl="bin\LogBancaCMV/Log_0356b423-8699-4b97-bcdd-e64ea6d56961.txt" publishTime="05/21/2020 09:30:31" />
    <file relUrl="bin\LogBancaCMV/Log_ff4ebc6f-389c-4787-8c7d-f339dead09dc.txt" publishTime="11/05/2020 10:10:08" />
    <file relUrl="PagoDeServicios.cs" publishTime="11/05/2020 16:04:52" />
    <file relUrl="bin\Log/PagoServicios21-05-2020.log" publishTime="05/21/2020 11:40:24" />
    <file relUrl="bin\LogBancaCMV/Log_68783438-11c7-4c40-85f0-feede80a9003.txt" publishTime="05/21/2020 10:24:44" />
    <file relUrl="bin\LogBancaCMV/Log_b6653d68-2e34-4c7c-9984-3d1e6b2f9967.txt" publishTime="05/21/2020 09:38:32" />
    <file relUrl="WS_PAGO_DE_SERVCIOS.csproj.user" publishTime="11/05/2020 17:31:28" />
    <file relUrl="bin\LogBancaCMV/Log_ccd79ff9-9eb3-4f32-94d7-01a3c3eb8c81.txt" publishTime="05/21/2020 11:36:45" />
    <file relUrl="bin\LogBancaCMV/Log_bc7a7839-2610-4b88-ac36-c5681b17ee14.txt" publishTime="11/05/2020 10:09:55" />
    <file relUrl="bin/log4net.dll" publishTime="03/13/2020 12:47:25" />
    <file relUrl="bin\LogBancaCMV/Log_d18b5f35-73b4-49a3-a645-4c39d23360f0.txt" publishTime="05/21/2020 11:34:11" />
    <file relUrl="bin\LogBancaCMV/Log_284bd4b7-2fbd-4d4e-86ff-8be98723f306.txt" publishTime="05/21/2020 10:24:43" />
    <file relUrl="bin\LogBancaCMV/Log_d2036a06-2a8b-424c-883e-6bb5e7039187.txt" publishTime="05/21/2020 11:36:45" />
    <file relUrl="bin\LogBancaCMV/Log_6357ce62-5027-40d7-bc9d-49047f879db4.txt" publishTime="05/21/2020 11:40:24" />
    <file relUrl="bin\LogBancaCMV/Log_db339325-2aaa-46ef-be15-05480070e897.txt" publishTime="05/21/2020 10:31:53" />
    <file relUrl="bin/ws_pago_de_servicios_utilidades.pdb" publishTime="01/07/2021 08:37:37" />
    <file relUrl="bin\LogBancaCMV/Log_36555585-c2be-4c0e-9f6a-21d7ffd00c27.txt" publishTime="05/21/2020 09:39:44" />
    <file relUrl="bin\LogBancaCMV/Log_22ec3b1b-988f-4d93-8ea6-8d6703c1fc0d.txt" publishTime="03/13/2020 12:47:24" />
    <file relUrl="bin\LogBancaCMV/Log_c3fdd20d-39a0-4bf6-be3c-46340b8aa86f.txt" publishTime="05/21/2020 10:24:43" />
    <file relUrl="bin\LogBancaCMV/Log_a110eb94-3280-4f6e-9676-da349c32bd3f.txt" publishTime="05/21/2020 09:39:19" />
    <file relUrl="bin\LogBancaCMV/Log_773f1440-c53d-47cb-bfd6-5e5197bf0665.txt" publishTime="11/05/2020 16:05:04" />
    <file relUrl="bin\LogBancaCMV/Log_f5a0da7b-7d33-48ff-b1a8-9a2ea8812b4e.txt" publishTime="11/05/2020 09:28:55" />
    <file relUrl="bin\LogBancaCMV/Log_85518024-b39a-4e3d-a452-a69ec346bc8e.txt" publishTime="11/05/2020 10:05:32" />
    <file relUrl="bin\LogBancaCMV/Log_1ef6c9b0-fc06-4e9b-b38a-c73b5a795259.txt" publishTime="05/21/2020 10:24:42" />
    <file relUrl="bin\LogBancaCMV/Log_8021636b-8bab-41e9-b085-37319918b26f.txt" publishTime="11/05/2020 10:04:16" />
    <file relUrl="Interceptor/MessageInspector.cs" publishTime="11/04/2020 10:36:36" />
    <file relUrl="bin\LogBancaCMV/Log_f11af7b6-25d8-4f93-8a3d-48f60d592585.txt" publishTime="11/05/2020 10:03:15" />
    <file relUrl="log4net.xml" publishTime="03/13/2020 12:47:25" />
    <file relUrl="bin\LogBancaCMV/Log_601215b5-72fe-4421-86f7-398b7f8f5d07.txt" publishTime="05/21/2020 10:24:13" />
    <file relUrl="bin/log4net.xml" publishTime="03/13/2020 12:47:25" />
    <file relUrl="bin/ws_pago_de_servicios_entidades.pdb" publishTime="01/07/2021 08:37:37" />
    <file relUrl="bin\LogBancaCMV/Log_677c5873-b516-4ba9-bf97-b169503680a3.txt" publishTime="05/21/2020 11:34:11" />
    <file relUrl="bin\LogBancaCMV/Log_73ace330-3f54-427c-bef9-f5a8786f9776.txt" publishTime="05/21/2020 09:38:32" />
    <file relUrl="bin\LogBancaCMV/Log_aa779e02-3832-4ed1-b27b-f14d2a9841a1.txt" publishTime="11/05/2020 09:31:38" />
    <file relUrl="bin\LogBancaCMV/Log_80bc809f-1c92-4700-9ff1-fbcee32c608b.txt" publishTime="11/05/2020 09:42:14" />
    <file relUrl="bin\Log/PagoServicios04-11-2020.log" publishTime="11/04/2020 17:05:55" />
    <file relUrl="bin\LogBancaCMV/Log_ebd351df-011d-491f-a971-807b81213342.txt" publishTime="05/21/2020 10:31:43" />
    <file relUrl="bin\LogBancaCMV/Log_537b7155-60e7-41d8-ae88-b4399e42a657.txt" publishTime="05/21/2020 11:36:46" />
    <file relUrl="App.config" publishTime="01/07/2021 08:36:54" />
    <file relUrl="bin\LogBancaCMV/Log_6d8e4683-15c0-4576-a4a1-2a6ff6cd7673.txt" publishTime="11/05/2020 10:07:24" />
    <file relUrl="bin\LogBancaCMV/Log_53ab17d2-c789-40d6-9fb8-2c6d2c23c3ca.txt" publishTime="05/21/2020 10:31:55" />
  </publishTarget>
</publishData>