{"swagger":"2.0","info":{"version":"v1","title":"Catalogo Service","description":"Módulo Core donde se consultan los principales catalogos.","termsOfService":"Términos de servicio.","contact":{"name":"José Adrián Coria","email":"jcoria@cajamorelia.com.mx"}},"host":"cmv8014","basePath":"/CatalogoService","schemes":["http"],"paths":{"/catalogo/estado_civil":{"get":{"tags":["Catalogo"],"summary":"Obtiene lista de Estados Civiles","operationId":"Catalogo_ObtenerEdoCivil","consumes":[],"produces":["application/json","text/json","application/xml","text/xml"],"parameters":[{"name":"Authorization","in":"header","required":false,"type":"string"}],"responses":{"200":{"description":"OK","schema":{"type":"object"}}}}},"/catalogo/escolaridades":{"get":{"tags":["Catalogo"],"summary":"Obtiene lista de Escolaridades","operationId":"Catalogo_ObtenerEscolaridades","consumes":[],"produces":["application/json","text/json","application/xml","text/xml"],"parameters":[{"name":"Authorization","in":"header","required":false,"type":"string"}],"responses":{"200":{"description":"OK","schema":{"type":"object"}}}}},"/catalogo/viviendas":{"get":{"tags":["Catalogo"],"summary":"Obtiene lista de viviendas","operationId":"Catalogo_ObtenerViviendas","consumes":[],"produces":["application/json","text/json","application/xml","text/xml"],"parameters":[{"name":"Authorization","in":"header","required":false,"type":"string"}],"responses":{"200":{"description":"OK","schema":{"type":"object"}}}}},"/catalogo/motivos_ingreso":{"get":{"tags":["Catalogo"],"summary":"Obtiene lista de motivos de ingreso","operationId":"Catalogo_ObtenerMotivosIngreso","consumes":[],"produces":["application/json","text/json","application/xml","text/xml"],"parameters":[{"name":"Authorization","in":"header","required":false,"type":"string"}],"responses":{"200":{"description":"OK","schema":{"type":"object"}}}}},"/catalogo/entidades_federativas":{"get":{"tags":["Catalogo"],"summary":"Obtiene lista de motivos de ingreso","operationId":"Catalogo_ObtenerEntidadesFederativas","consumes":[],"produces":["application/json","text/json","application/xml","text/xml"],"parameters":[{"name":"Authorization","in":"header","required":false,"type":"string"}],"responses":{"200":{"description":"OK","schema":{"type":"object"}}}}},"/catalogo/localidad_por_cp":{"get":{"tags":["Catalogo"],"summary":"Obtiene infomracion concerniente al codigo postal","operationId":"Catalogo_ObtenerLocalidadPorCodigoPostal","consumes":[],"produces":["application/json","text/json","application/xml","text/xml"],"parameters":[{"name":"cp","in":"query","required":true,"type":"integer","format":"int32"},{"name":"Authorization","in":"header","required":false,"type":"string"}],"responses":{"200":{"description":"OK","schema":{"type":"object"}}}}},"/catalogo/localidades_por_estado":{"get":{"tags":["Catalogo"],"summary":"Obtiene lista de localidades dado un estado","operationId":"Catalogo_ObtenerLocalidadPorEstado","consumes":[],"produces":["application/json","text/json","application/xml","text/xml"],"parameters":[{"name":"IdEntidadFederativa","in":"query","description":"","required":true,"type":"integer","format":"int32"},{"name":"Authorization","in":"header","required":false,"type":"string"}],"responses":{"200":{"description":"OK","schema":{"type":"object"}}}}},"/catalogo/colonias_por_localidad":{"get":{"tags":["Catalogo"],"summary":"Obtiene colonias dada una localidad","operationId":"Catalogo_ObtenerColoniasPorLocalidad","consumes":[],"produces":["application/json","text/json","application/xml","text/xml"],"parameters":[{"name":"IdLocalidad","in":"query","description":"","required":true,"type":"integer","format":"int32"},{"name":"IdEntidadFederativa","in":"query","description":"","required":true,"type":"integer","format":"int32"},{"name":"Authorization","in":"header","required":false,"type":"string"}],"responses":{"200":{"description":"OK","schema":{"type":"object"}}}}},"/catalogo/clasif_ocupaciones":{"get":{"tags":["Catalogo"],"summary":"Obtiene clasificacion de las ocupaciones","operationId":"Catalogo_ObtenerClasificacionOcupaciones","consumes":[],"produces":["application/json","text/json","application/xml","text/xml"],"parameters":[{"name":"Authorization","in":"header","required":false,"type":"string"}],"responses":{"200":{"description":"OK","schema":{"type":"object"}}}}},"/catalogo/subclasif_ocupaciones":{"get":{"tags":["Catalogo"],"summary":"Obtiene los sub sectores económicos","operationId":"Catalogo_ObtenerSubClasificacionOcupaciones","consumes":[],"produces":["application/json","text/json","application/xml","text/xml"],"parameters":[{"name":"IdClasifOcupacion","in":"query","description":"","required":true,"type":"integer","format":"int64"},{"name":"Authorization","in":"header","required":false,"type":"string"}],"responses":{"200":{"description":"OK","schema":{"type":"object"}}}}},"/catalogo/ocupaciones":{"get":{"tags":["Catalogo"],"summary":"Obtiene las ocupaciones","operationId":"Catalogo_ObtenerOcupaciones","consumes":[],"produces":["application/json","text/json","application/xml","text/xml"],"parameters":[{"name":"IdClasifOcupacion","in":"query","description":"","required":true,"type":"integer","format":"int64"},{"name":"IdSubClasifOcupacion","in":"query","description":"","required":true,"type":"integer","format":"int64"},{"name":"Authorization","in":"header","required":false,"type":"string"}],"responses":{"200":{"description":"OK","schema":{"type":"object"}}}}},"/catalogo/profesiones":{"get":{"tags":["Catalogo"],"summary":"Obtiene lista de profesiones","operationId":"Catalogo_ObtenerProfesiones","consumes":[],"produces":["application/json","text/json","application/xml","text/xml"],"parameters":[{"name":"Authorization","in":"header","required":false,"type":"string"}],"responses":{"200":{"description":"OK","schema":{"type":"object"}}}}},"/catalogo/finalidades_lacp":{"get":{"tags":["Catalogo"],"summary":"Obtiene lista de finalidades LACP","operationId":"Catalogo_ObtenerFinalidadesLACP","consumes":[],"produces":["application/json","text/json","application/xml","text/xml"],"parameters":[{"name":"Authorization","in":"header","required":false,"type":"string"}],"responses":{"200":{"description":"OK","schema":{"type":"object"}}}}},"/catalogo/finalidades":{"get":{"tags":["Catalogo"],"summary":"Obtiene lista de finalidades","operationId":"Catalogo_ObtenerFinalidades","consumes":[],"produces":["application/json","text/json","application/xml","text/xml"],"parameters":[{"name":"IdFinalidadLACP","in":"query","required":true,"type":"integer","format":"int64"},{"name":"Authorization","in":"header","required":false,"type":"string"}],"responses":{"200":{"description":"OK","schema":{"type":"object"}}}}},"/catalogo/prestamos":{"get":{"tags":["Catalogo"],"summary":"Obtiene lista de prestamos","operationId":"Catalogo_ObtenerPrestamos","consumes":[],"produces":["application/json","text/json","application/xml","text/xml"],"parameters":[{"name":"Authorization","in":"header","required":false,"type":"string"}],"responses":{"200":{"description":"OK","schema":{"type":"object"}}}}},"/catalogo/sub_productos_prestamos":{"get":{"tags":["Catalogo"],"summary":"Obtiene lista de subproductos de prestamos","operationId":"Catalogo_ObtenerSubPdctosPrestamos","consumes":[],"produces":["application/json","text/json","application/xml","text/xml"],"parameters":[{"name":"IdMov","in":"query","required":false,"type":"integer","format":"int64"},{"name":"IdSuc","in":"query","required":false,"type":"integer","format":"int64"},{"name":"IdSubPdcto","in":"query","required":false,"type":"integer","format":"int64"},{"name":"Authorization","in":"header","required":false,"type":"string"}],"responses":{"200":{"description":"OK","schema":{"type":"object"}}}}},"/catalogo/esquemas_pagos":{"get":{"tags":["Catalogo"],"summary":"Obtiene lista de esquemas de pago","operationId":"Catalogo_ObtenerEsquemasPagos","consumes":[],"produces":["application/json","text/json","application/xml","text/xml"],"parameters":[{"name":"Authorization","in":"header","required":false,"type":"string"}],"responses":{"200":{"description":"OK","schema":{"type":"object"}}}}},"/catalogo/frecuencias_pago":{"get":{"tags":["Catalogo"],"summary":"Obtiene lista de Frecuencias de pago","operationId":"Catalogo_ObtenerFrecuenciasPago","consumes":[],"produces":["application/json","text/json","application/xml","text/xml"],"parameters":[{"name":"IdPeriodicidad","in":"query","required":true,"type":"integer","format":"int64"},{"name":"Authorization","in":"header","required":false,"type":"string"}],"responses":{"200":{"description":"OK","schema":{"type":"object"}}}}},"/catalogo/paises":{"get":{"tags":["Catalogo"],"summary":"Obtiene lista de paises","operationId":"Catalogo_ObtenerPaises","consumes":[],"produces":["application/json","text/json","application/xml","text/xml"],"parameters":[{"name":"Authorization","in":"header","required":false,"type":"string"}],"responses":{"200":{"description":"OK","schema":{"type":"object"}}}}},"/catalogo/tipos_identificacion":{"get":{"tags":["Catalogo"],"summary":"Obtiene lista de tipos de identificacion","operationId":"Catalogo_ObtenerTiposIdentificacion","consumes":[],"produces":["application/json","text/json","application/xml","text/xml"],"parameters":[{"name":"Authorization","in":"header","required":false,"type":"string"}],"responses":{"200":{"description":"OK","schema":{"type":"object"}}}}}},"definitions":{}}