{"swagger":"2.0","info":{"version":"v1","title":"Persona Service","description":"Módulo Core donde se realizan todas las operaciones concernientes a persona.","termsOfService":"Términos de servicio.","contact":{"name":"José Adrián Coria","email":"jcoria@cajamorelia.com.mx"}},"host":"cmv8024","basePath":"/PersonaService","schemes":["http"],"paths":{"/persona/cuentas":{"get":{"tags":["Persona"],"summary":"Obtiene las cuentas a la vista de un socio","operationId":"Persona_ObtenerCuentasVista","consumes":[],"produces":["application/json","text/json","application/xml","text/xml"],"parameters":[{"name":"NumeroSocio","in":"query","description":"","required":true,"type":"integer","format":"int64"},{"name":"IdTipoPersona","in":"query","description":"","required":true,"type":"integer","format":"int64"},{"name":"Authorization","in":"header","required":false,"type":"string"}],"responses":{"200":{"description":"OK","schema":{"type":"object"}}}}},"/persona/movimientos":{"get":{"tags":["Persona"],"summary":"Obtiene lista de movimientos de un socio","operationId":"Persona_ObtenerMovimientos","consumes":[],"produces":["application/json","text/json","application/xml","text/xml"],"parameters":[{"name":"IdMov","in":"query","description":"","required":true,"type":"integer","format":"int64"},{"name":"Numero","in":"query","description":"","required":true,"type":"integer","format":"int64"},{"name":"IdTipoPersona","in":"query","description":"","required":true,"type":"integer","format":"int64"},{"name":"FechaInicio","in":"query","description":"","required":true,"type":"string","format":"date-time"},{"name":"FechaFin","in":"query","description":"","required":true,"type":"string","format":"date-time"},{"name":"Authorization","in":"header","required":false,"type":"string"}],"responses":{"200":{"description":"OK","schema":{"type":"object"}}}}},"/persona/prestamos_liquidados":{"get":{"tags":["Persona"],"summary":"Obtiene lista de prestamos liquidados","operationId":"Persona_ObtenerPrestamosLiquidados","consumes":[],"produces":["application/json","text/json","application/xml","text/xml"],"parameters":[{"name":"NumeroSocio","in":"query","description":"","required":true,"type":"integer","format":"int64"},{"name":"Orden","in":"query","description":"","required":true,"type":"integer","format":"int32"},{"name":"Authorization","in":"header","required":false,"type":"string"}],"responses":{"200":{"description":"OK","schema":{"type":"object"}}}}},"/persona/inversiones":{"get":{"tags":["Persona"],"summary":"Consulta plazos fijos","operationId":"Persona_ObtenerInversiones","consumes":[],"produces":["application/json","text/json","application/xml","text/xml"],"parameters":[{"name":"NumeroSocio","in":"query","description":"","required":true,"type":"integer","format":"int64"},{"name":"Authorization","in":"header","required":false,"type":"string"}],"responses":{"200":{"description":"OK","schema":{"type":"object"}}}}},"/persona/prestamos_vigentes":{"get":{"tags":["Persona"],"summary":"Obtiene prestmos vigentes","operationId":"Persona_ObtenerPrestamosVigentes","consumes":[],"produces":["application/json","text/json","application/xml","text/xml"],"parameters":[{"name":"NumeroSocio","in":"query","description":"","required":true,"type":"integer","format":"int64"},{"name":"Authorization","in":"header","required":false,"type":"string"}],"responses":{"200":{"description":"OK","schema":{"type":"object"}}}}},"/persona/informacion_general":{"get":{"tags":["Persona"],"summary":"Obtener informacion general del socio","operationId":"Persona_ObtenerInformacionGeneralSocio","consumes":[],"produces":["application/json","text/json","application/xml","text/xml"],"parameters":[{"name":"NumeroSocio","in":"query","description":"","required":true,"type":"integer","format":"int64"},{"name":"IdTipoPersona","in":"query","description":"","required":true,"type":"integer","format":"int64"},{"name":"Authorization","in":"header","required":false,"type":"string"}],"responses":{"200":{"description":"OK","schema":{"type":"object"}}}}},"/persona/relacion_cuentas_contacto":{"get":{"tags":["Persona"],"summary":"Obteber las relaciones de cuentas de contacto","operationId":"Persona_ObtenerRelacionesCuentasContacto","consumes":[],"produces":["application/json","text/json","application/xml","text/xml"],"parameters":[{"name":"NumeroSocio","in":"query","description":"","required":true,"type":"integer","format":"int64"},{"name":"Authorization","in":"header","required":false,"type":"string"}],"responses":{"200":{"description":"OK","schema":{"type":"object"}}}}},"/persona/relaciones_contacto_finserv":{"get":{"tags":["Persona"],"summary":"Obtener las relaciones de contacto Finserv","operationId":"Persona_ObtenerRelacionesContactoFinserv","consumes":[],"produces":["application/json","text/json","application/xml","text/xml"],"parameters":[{"name":"NumeroSocio","in":"query","description":"","required":true,"type":"integer","format":"int64"},{"name":"Authorization","in":"header","required":false,"type":"string"}],"responses":{"200":{"description":"OK","schema":{"type":"object"}}}}},"/persona/households":{"get":{"tags":["Persona"],"summary":"Obtener los households","operationId":"Persona_ObtenerHouseHolds","consumes":[],"produces":["application/json","text/json","application/xml","text/xml"],"parameters":[{"name":"NumeroSocio","in":"query","description":"","required":true,"type":"integer","format":"int64"},{"name":"Authorization","in":"header","required":false,"type":"string"}],"responses":{"200":{"description":"OK","schema":{"type":"object"}}}}},"/persona/lead":{"put":{"tags":["Persona"],"summary":"Actualiza informacion del lead","description":"Parametros:\r\n\r\n    POST /insertar_lead\r\n    {\r\n      \"FrecuenciaUsoProductos\": \"Opcional\",\r\n      \"TarjetaDebito\": \"Opcional\",\r\n      \"CantidadTarjetasDebito\": \"Opcional\",\r\n      \"TarjetaCredito\": \"Opcional\",\r\n      \"CantidadTarjetasCredito\": \"Opcional\",\r\n      \"CreditoHipotecario\": \"Opcional\",\r\n      \"CreditoAutomotriz\": \"Opcional\",\r\n      \"IdCicloVida\": \"Opcional\",\r\n      \"DetalleCicloVida\": \"Opcional\",\r\n      \"PercepcionEntidadesFinancieras\": \"Opcional\",\r\n      \"PercepcionCooperativas\": \"Opcional\",\r\n      \"MotivacionCredito\": \"Opcional\",\r\n      \"MotivacionAhorro\": \"Opcional\",\r\n      \"MotivacionInversion\": \"Opcional\",\r\n      \"PracticasComunitariasFinancieras\": \"Opcional\",\r\n      \"NivelInteres\": \"Opcional\",\r\n      \"OrigenProspecto\": \"Requerido\",\r\n      \"Nombre_s\": \"Requerido\",\r\n      \"ApellidoPaterno\": \"Requerido\",\r\n      \"ApellidoMaterno\": \"Opcional\",\r\n      \"Genero\": \"Requerido\",\r\n      \"Curp\": \"Requerido\",\r\n      \"Rfc\": \"Requerido\",\r\n      \"FechaNacimiento\": \"Requerido\",\r\n      \"Mail\": \"Opcional\",\r\n      \"TelCelular\": \"Requerido\",\r\n      \"TelTrabajo\": \"Opcional\",\r\n      \"TelExtensionTrabajo\": \"Opcional\",\r\n      \"Calle\": \"Opcional\",\r\n      \"NumeroExterior\": \"Opcional\",\r\n      \"NumeroInterior\": \"Opcional\",\r\n      \"IdColoniaCNBV\": \"Requerido\",\r\n      \"IdLocalidadCNBV\": \"Requerido\",\r\n      \"IdEntidadFederativa\": \"Requerido\",\r\n      \"IdEdoCivil\": \"Requerido\",\r\n      \"DetalleEdoCivil\": \"Opcional\",\r\n      \"DependientesEconomicos\": \"Opcional\",\r\n      \"IdClasifOcupacion\": \"Requerido\",\r\n      \"IdSubClasifOcupacion\": \"Requerido\",\r\n      \"Id_Ocupacion_CNBV\": \"Requerido\",\r\n      \"IdEscolaridad\": \"Requerido\",\r\n      \"IngresoEconomico\": \"Opcional\"\r\n    }","operationId":"Persona_ActualizarLead","consumes":["application/json","text/json","application/xml","text/xml","application/x-www-form-urlencoded"],"produces":["application/json","text/json","application/xml","text/xml"],"parameters":[{"name":"lead","in":"body","description":"","required":true,"schema":{"$ref":"#/definitions/Lead"}},{"name":"Authorization","in":"header","required":false,"type":"string"}],"responses":{"200":{"description":"OK","schema":{"type":"object"}}}},"post":{"tags":["Persona"],"summary":"Crear registro lead","description":"Parametros:\r\n\r\n    POST /insertar_lead\r\n    {\r\n      \"FrecuenciaUsoProductos\": \"Opcional\",\r\n      \"TarjetaDebito\": \"Opcional\",\r\n      \"CantidadTarjetasDebito\": \"Opcional\",\r\n      \"TarjetaCredito\": \"Opcional\",\r\n      \"CantidadTarjetasCredito\": \"Opcional\",\r\n      \"CreditoHipotecario\": \"Opcional\",\r\n      \"CreditoAutomotriz\": \"Opcional\",\r\n      \"CicloVida\": \"Opcional\",\r\n      \"DetalleCicloVida\": \"Opcional\",\r\n      \"PercepcionEntidadesFinancieras\": \"Opcional\",\r\n      \"PercepcionCooperativas\": \"Opcional\",\r\n      \"MotivacionCredito\": \"Opcional\",\r\n      \"MotivacionAhorro\": \"Opcional\",\r\n      \"MotivacionInversion\": \"Opcional\",\r\n      \"PracticasComunitariasFinancieras\": \"Opcional\",\r\n      \"NivelInteres\": \"Opcional\",\r\n      \"OrigenProspecto\": \"Requerido\",\r\n      \"Nombre_s\": \"Requerido\",\r\n      \"ApellidoPaterno\": \"Requerido\",\r\n      \"ApellidoMaterno\": \"Opcional\",\r\n      \"Genero\": \"Requerido\",\r\n      \"Curp\": \"Requerido\",\r\n      \"Rfc\": \"Requerido\",\r\n      \"FechaNacimiento\": \"Requerido\",\r\n      \"Mail\": \"Opcional\",\r\n      \"TelCelular\": \"Requerido\",\r\n      \"TelTrabajo\": \"Opcional\",\r\n      \"TelExtensionTrabajo\": \"Opcional\",\r\n      \"Calle\": \"Opcional\",\r\n      \"NumeroExterior\": \"Opcional\",\r\n      \"NumeroInterior\": \"Opcional\",\r\n      \"IdColoniaCNBV\": \"Requerido\",\r\n      \"IdLocalidadCNBV\": \"Requerido\",\r\n      \"IdEntidadFederativa\": \"Requerido\",\r\n      \"IdEdoCivil\": \"Requerido\",\r\n      \"DetalleEdoCivil\": \"Opcional\",\r\n      \"DependientesEconomicos\": \"Opcional\",\r\n      \"IdClasifOcupacion\": \"Requerido\",\r\n      \"IdSubClasifOcupacion\": \"Requerido\",\r\n      \"Id_Ocupacion_CNBV\": \"Requerido\",\r\n      \"IdEscolaridad\": \"Requerido\",\r\n      \"IngresoEconomico\": \"Opcional\"\r\n    }","operationId":"Persona_InsertarLead","consumes":["application/json","text/json","application/xml","text/xml","application/x-www-form-urlencoded"],"produces":["application/json","text/json","application/xml","text/xml"],"parameters":[{"name":"lead","in":"body","description":"","required":true,"schema":{"$ref":"#/definitions/Lead"}},{"name":"IdUsuario","in":"query","description":"","required":true,"type":"integer","format":"int64"},{"name":"Authorization","in":"header","required":false,"type":"string"}],"responses":{"200":{"description":"OK","schema":{"type":"object"}}}}},"/persona/lead/particularidades":{"post":{"tags":["Persona"],"summary":"Inserta particularidad derivado del formulario de leads de salesforce","operationId":"Persona_InsertarParticularidades","consumes":["application/json","text/json","application/xml","text/xml","application/x-www-form-urlencoded"],"produces":["application/json","text/json","application/xml","text/xml"],"parameters":[{"name":"particularidad","in":"body","description":"","required":true,"schema":{"$ref":"#/definitions/ParticularidadCompartida"}},{"name":"Authorization","in":"header","required":false,"type":"string"}],"responses":{"200":{"description":"OK","schema":{"type":"object"}}}}},"/persona/calcular_rfc":{"post":{"tags":["Persona"],"summary":"Calcula el RFC de una persona","operationId":"Persona_CalcularRFC","consumes":["application/json","text/json","application/xml","text/xml","application/x-www-form-urlencoded"],"produces":["application/json","text/json","application/xml","text/xml"],"parameters":[{"name":"lead","in":"body","description":"","required":true,"schema":{"$ref":"#/definitions/Lead"}},{"name":"Authorization","in":"header","required":false,"type":"string"}],"responses":{"200":{"description":"OK","schema":{"type":"object"}}}}},"/persona/generalidades":{"get":{"tags":["Persona"],"summary":"Obtener generalidades de un usuario","operationId":"Persona_ObtenerGeneralidades","consumes":[],"produces":["application/json","text/json","application/xml","text/xml"],"parameters":[{"name":"Correo","in":"query","description":"","required":true,"type":"string"},{"name":"Authorization","in":"header","required":false,"type":"string"}],"responses":{"200":{"description":"OK","schema":{"type":"object"}}}}},"/persona/lead/informacion_general":{"get":{"tags":["Persona"],"summary":"Obtiene la información general de un lead por id","operationId":"Persona_ObtenerInformacionGeneralLead","consumes":[],"produces":["application/json","text/json","application/xml","text/xml"],"parameters":[{"name":"IdLead","in":"query","description":"","required":true,"type":"integer","format":"int64"},{"name":"IdTipoPersona","in":"query","description":"","required":true,"type":"integer","format":"int32"},{"name":"Authorization","in":"header","required":false,"type":"string"}],"responses":{"200":{"description":"OK","schema":{"type":"object"}}}}},"/validacion/persona":{"post":{"tags":["Valida"],"summary":"Realiza multiples validaciones para persona","description":"Este endpoint realiza las siguientes validaciones para una persona:\r\n  * Validación OFAC\r\n  * Validacion Socio y ExSocio\r\n  * Validacion Bloqueado Cobranza\r\n  * Validacion Usuario Baneado","operationId":"Valida_ValidarPersona","consumes":["application/json","text/json","application/xml","text/xml","application/x-www-form-urlencoded"],"produces":["application/json","text/json","application/xml","text/xml"],"parameters":[{"name":"persona","in":"body","description":"","required":true,"schema":{"$ref":"#/definitions/Socio"}},{"name":"NumeroUsuario","in":"query","description":"","required":true,"type":"integer","format":"int64"},{"name":"IdSucursal","in":"query","description":"","required":false,"type":"integer","format":"int64"},{"name":"Authorization","in":"header","required":false,"type":"string"}],"responses":{"200":{"description":"Persona Válida.","schema":{"type":"object"}},"1400":{"description":"Excepciones de validacion de persona."},"401":{"description":"No autorizado o token expirado"},"400":{"description":"Parámetros incorrectos"}}}},"/validacion/ofac":{"post":{"tags":["Valida"],"summary":"Valida si una persona se encuentra en la lista OFAC","operationId":"Valida_ValidarOFAC","consumes":["application/json","text/json","application/xml","text/xml","application/x-www-form-urlencoded"],"produces":["application/json","text/json","application/xml","text/xml"],"parameters":[{"name":"persona","in":"body","description":"","required":true,"schema":{"$ref":"#/definitions/Persona"}},{"name":"NumeroUsuario","in":"query","description":"","required":true,"type":"integer","format":"int64"},{"name":"IdSucursal","in":"query","description":"","required":true,"type":"integer","format":"int64"},{"name":"Authorization","in":"header","required":false,"type":"string"}],"responses":{"200":{"description":"OK","schema":{"type":"object"}}}}},"/validacion/valida_curp":{"post":{"tags":["Valida"],"summary":"Valida formato de curp","operationId":"Valida_ValidaCurp","consumes":[],"produces":["application/json","text/json","application/xml","text/xml"],"parameters":[{"name":"Curp","in":"query","description":"","required":true,"type":"string"},{"name":"FechaNacimiento","in":"query","description":"","required":true,"type":"string"},{"name":"Authorization","in":"header","required":false,"type":"string"}],"responses":{"200":{"description":"OK","schema":{"type":"object"}}}}}},"definitions":{"Lead":{"type":"object","properties":{"IdLead":{"format":"int64","type":"integer"},"FrecuenciaUsoProductos":{"type":"string"},"TarjetaDebito":{"type":"string"},"CantidadTarjetasDebito":{"type":"string"},"TarjetaCredito":{"type":"string"},"CantidadTarjetasCredito":{"type":"string"},"CreditoHipotecario":{"type":"string"},"CreditoAutomotriz":{"type":"string"},"CicloVida":{"type":"string"},"DetalleCicloVida":{"type":"string"},"PercepcionEntidadesFinancieras":{"type":"string"},"PercepcionCooperativas":{"type":"string"},"MotivacionCredito":{"type":"string"},"MotivacionAhorro":{"type":"string"},"MotivacionInversion":{"type":"string"},"PracticasComunitariasFinancieras":{"type":"string"},"NivelInteres":{"type":"string"},"OrigenProspecto":{"type":"string"},"NumeroSocio":{"type":"object"},"MailStatus":{"format":"int32","type":"integer"},"IdEstatus":{"format":"int32","type":"integer"},"IdEstatusSeguimientoProspecto":{"format":"int32","type":"integer"},"FolioCRM":{"type":"string"},"EstimadorIngresos":{"type":"string"},"EstimadorIngresosCodigos":{"type":"string"},"ICC":{"type":"string"},"IccCodigos":{"type":"string"},"BcScore":{"type":"string"},"BcScoreCodigos":{"type":"string"},"IdPersona":{"format":"int64","type":"integer"},"IdBeneficiario":{"format":"int64","type":"integer"},"Nombre_s":{"type":"string"},"ApellidoPaterno":{"type":"string"},"ApellidoMaterno":{"type":"string"},"Genero":{"type":"string"},"Curp":{"type":"string"},"Rfc":{"type":"string"},"FechaNacimiento":{"format":"date-time","type":"string"},"Edad":{"format":"int32","type":"integer"},"Mail":{"type":"string"},"TelCelular":{"type":"string"},"TelTrabajo":{"type":"string"},"TelAdicional":{"type":"string"},"TelExtensionTrabajo":{"type":"string"},"Calle":{"type":"string"},"IdTipoPersona":{"format":"int64","type":"integer"},"NumeroExterior":{"type":"string"},"NumeroInterior":{"type":"string"},"NumeroCasa":{"type":"string"},"IdColoniaCNBV":{"format":"int64","type":"integer"},"Colonia":{"type":"string"},"IdLocalidadCNBV":{"format":"int64","type":"integer"},"Municipio":{"type":"string"},"CP":{"format":"int32","type":"integer"},"IdEntidadFederativa":{"format":"int64","type":"integer"},"Estado":{"type":"string"},"EntidadFederativa":{"type":"string"},"IdEdoCivil":{"format":"int64","type":"integer"},"DetalleEdoCivil":{"type":"string"},"DependientesEconomicos":{"format":"int32","type":"integer"},"IdClasifOcupacion":{"format":"int64","type":"integer"},"IdSubClasifOcupacion":{"format":"int64","type":"integer"},"Id_Ocupacion_CNBV":{"format":"int64","type":"integer"},"Ocupacion":{"type":"string"},"IdEscolaridad":{"format":"int64","type":"integer"},"IngresoEconomico":{"format":"double","type":"number"},"LugarTrabajo":{"$ref":"#/definitions/Trabajo"},"FechaRegistro":{"format":"date-time","type":"string"},"LugarNacimiento":{"type":"string"},"TelefonoParticular":{"type":"string"},"MedioContacto":{"type":"string"},"EstadoCivil":{"format":"int32","type":"integer"},"NombreTutor":{"type":"string"},"Parentesco":{"type":"string"},"Porcentaje":{"type":"string"},"IdGenero":{"format":"int32","type":"integer"},"IdPaisNacimiento":{"format":"int32","type":"integer"},"IdEntidadFederativaNac":{"format":"int32","type":"integer"},"EntidadFederativaNac":{"type":"string"},"IdTipoIdentificacion":{"format":"int32","type":"integer"},"ReferenciasDomiciliarias":{"type":"string"}}},"Trabajo":{"type":"object","properties":{"Nombre":{"type":"string"},"Calle":{"type":"string"},"NumeroExterior":{"type":"string"},"NumeroInterior":{"type":"string"},"Colonia":{"type":"string"},"CP":{"format":"int32","type":"integer"}}},"ParticularidadCompartida":{"type":"object","properties":{"IdParticularidad":{"format":"int64","type":"integer"},"IdMov":{"format":"int64","type":"integer"},"Numero_fin_LACP":{"format":"int64","type":"integer"},"Numero_fin":{"format":"int64","type":"integer"},"Id_Esquema":{"format":"int64","type":"integer"},"IdSubpdcto":{"format":"int64","type":"integer"},"Tasa_ord_min":{"format":"float","type":"number"},"Tasa_ord_max":{"format":"float","type":"number"},"Plazo_min":{"format":"int32","type":"integer"},"Plazo_max":{"format":"int32","type":"integer"},"id_amortizacion":{"format":"int64","type":"integer"},"IdLeads":{"format":"int64","type":"integer"},"FinalidadEspecifica":{"type":"string"},"Monto":{"format":"double","type":"number"}}},"Socio":{"type":"object","properties":{"NumeroSocio":{"format":"int64","type":"integer"},"IdSucursal":{"format":"int64","type":"integer"},"Sucursal":{"type":"string"},"Region":{"type":"string"},"TipoSocio":{"type":"string"},"AnosDeSocio":{"format":"int32","type":"integer"},"NumeroCreditos":{"format":"int32","type":"integer"},"AnosComoMenorAhorrador":{"format":"int32","type":"integer"},"NombresAvales":{"type":"string"},"IdPersona":{"format":"int64","type":"integer"},"IdBeneficiario":{"format":"int64","type":"integer"},"Nombre_s":{"type":"string"},"ApellidoPaterno":{"type":"string"},"ApellidoMaterno":{"type":"string"},"Genero":{"type":"string"},"Curp":{"type":"string"},"Rfc":{"type":"string"},"FechaNacimiento":{"format":"date-time","type":"string"},"Edad":{"format":"int32","type":"integer"},"Mail":{"type":"string"},"TelCelular":{"type":"string"},"TelTrabajo":{"type":"string"},"TelAdicional":{"type":"string"},"TelExtensionTrabajo":{"type":"string"},"Calle":{"type":"string"},"IdTipoPersona":{"format":"int64","type":"integer"},"NumeroExterior":{"type":"string"},"NumeroInterior":{"type":"string"},"NumeroCasa":{"type":"string"},"IdColoniaCNBV":{"format":"int64","type":"integer"},"Colonia":{"type":"string"},"IdLocalidadCNBV":{"format":"int64","type":"integer"},"Municipio":{"type":"string"},"CP":{"format":"int32","type":"integer"},"IdEntidadFederativa":{"format":"int64","type":"integer"},"Estado":{"type":"string"},"EntidadFederativa":{"type":"string"},"IdEdoCivil":{"format":"int64","type":"integer"},"DetalleEdoCivil":{"type":"string"},"DependientesEconomicos":{"format":"int32","type":"integer"},"IdClasifOcupacion":{"format":"int64","type":"integer"},"IdSubClasifOcupacion":{"format":"int64","type":"integer"},"Id_Ocupacion_CNBV":{"format":"int64","type":"integer"},"Ocupacion":{"type":"string"},"IdEscolaridad":{"format":"int64","type":"integer"},"IngresoEconomico":{"format":"double","type":"number"},"LugarTrabajo":{"$ref":"#/definitions/Trabajo"},"FechaRegistro":{"format":"date-time","type":"string"},"LugarNacimiento":{"type":"string"},"TelefonoParticular":{"type":"string"},"MedioContacto":{"type":"string"},"EstadoCivil":{"format":"int32","type":"integer"},"NombreTutor":{"type":"string"},"Parentesco":{"type":"string"},"Porcentaje":{"type":"string"},"IdGenero":{"format":"int32","type":"integer"},"IdPaisNacimiento":{"format":"int32","type":"integer"},"IdEntidadFederativaNac":{"format":"int32","type":"integer"},"EntidadFederativaNac":{"type":"string"},"IdTipoIdentificacion":{"format":"int32","type":"integer"},"ReferenciasDomiciliarias":{"type":"string"}}},"Persona":{"type":"object","properties":{"IdPersona":{"format":"int64","type":"integer"},"IdBeneficiario":{"format":"int64","type":"integer"},"Nombre_s":{"type":"string"},"ApellidoPaterno":{"type":"string"},"ApellidoMaterno":{"type":"string"},"Genero":{"type":"string"},"Curp":{"type":"string"},"Rfc":{"type":"string"},"FechaNacimiento":{"format":"date-time","type":"string"},"Edad":{"format":"int32","type":"integer"},"Mail":{"type":"string"},"TelCelular":{"type":"string"},"TelTrabajo":{"type":"string"},"TelAdicional":{"type":"string"},"TelExtensionTrabajo":{"type":"string"},"Calle":{"type":"string"},"IdTipoPersona":{"format":"int64","type":"integer"},"NumeroExterior":{"type":"string"},"NumeroInterior":{"type":"string"},"NumeroCasa":{"type":"string"},"IdColoniaCNBV":{"format":"int64","type":"integer"},"Colonia":{"type":"string"},"IdLocalidadCNBV":{"format":"int64","type":"integer"},"Municipio":{"type":"string"},"CP":{"format":"int32","type":"integer"},"IdEntidadFederativa":{"format":"int64","type":"integer"},"Estado":{"type":"string"},"EntidadFederativa":{"type":"string"},"IdEdoCivil":{"format":"int64","type":"integer"},"DetalleEdoCivil":{"type":"string"},"DependientesEconomicos":{"format":"int32","type":"integer"},"IdClasifOcupacion":{"format":"int64","type":"integer"},"IdSubClasifOcupacion":{"format":"int64","type":"integer"},"Id_Ocupacion_CNBV":{"format":"int64","type":"integer"},"Ocupacion":{"type":"string"},"IdEscolaridad":{"format":"int64","type":"integer"},"IngresoEconomico":{"format":"double","type":"number"},"LugarTrabajo":{"$ref":"#/definitions/Trabajo"},"FechaRegistro":{"format":"date-time","type":"string"},"LugarNacimiento":{"type":"string"},"TelefonoParticular":{"type":"string"},"MedioContacto":{"type":"string"},"EstadoCivil":{"format":"int32","type":"integer"},"NombreTutor":{"type":"string"},"Parentesco":{"type":"string"},"Porcentaje":{"type":"string"},"IdGenero":{"format":"int32","type":"integer"},"IdPaisNacimiento":{"format":"int32","type":"integer"},"IdEntidadFederativaNac":{"format":"int32","type":"integer"},"EntidadFederativaNac":{"type":"string"},"IdTipoIdentificacion":{"format":"int32","type":"integer"},"ReferenciasDomiciliarias":{"type":"string"}}}}}