{"swagger":"2.0","info":{"version":"v1","title":"Seguridad Service","description":"Módulo Core donde se autentica para el uso de los servicios core.","termsOfService":"Términos de servicio.","contact":{"name":"José Adrián Coria","email":"jcoria@cajamorelia.com.mx"}},"host":"cmv8014","basePath":"/SeguridadService","schemes":["http"],"paths":{"/auth/ping":{"get":{"tags":["Login"],"operationId":"Login_Ping","consumes":[],"produces":["application/json","text/json","application/xml","text/xml"],"responses":{"200":{"description":"OK","schema":{"type":"object"}}}}},"/auth/verificar":{"get":{"tags":["Login"],"summary":"Verifica autenticación del usuario","operationId":"Login_VerificarToken","consumes":[],"produces":["application/json","text/json","application/xml","text/xml"],"responses":{"200":{"description":"OK","schema":{"type":"object"}}}}},"/auth/login":{"post":{"tags":["Login"],"summary":"Autentica al cliente","operationId":"Login_Autenticar","consumes":["application/json","text/json","application/xml","text/xml","application/x-www-form-urlencoded"],"produces":["application/json","text/json","application/xml","text/xml"],"parameters":[{"name":"login","in":"body","description":"","required":true,"schema":{"$ref":"#/definitions/LoginRequest"}}],"responses":{"200":{"description":"OK","schema":{"type":"object"}}}}}},"definitions":{"LoginRequest":{"required":["Usuario","Contrasena"],"type":"object","properties":{"Usuario":{"type":"string"},"Contrasena":{"type":"string"}}}},"securityDefinitions":{"Authorization":{"type":"apiKey","description":"Introduce el Token JWT aquí.","name":"Bearer","in":"header"}}}