﻿<?xml version="1.0" encoding="utf-8" ?>
<log4net>
  <!-- RollingFile is set to be a File Appender -->
  <appender name="LogRequest" type="log4net.Appender.RollingFileAppender" >
   
    <file value="C:/Log/Banca" />
    <datePattern value="dd-MM-yyyy'.log'" />
    <staticLogFileName value="false" />
    <appendToFile value="true" />
    <maximumFileSize value="50MB" />
    <maxSizeRollBackups value="25" />
     
    <layout type="log4net.Layout.PatternLayout">
      <conversionPattern value="%date%-5level %-50logger- %newline%message%newline%newline" />
    </layout>
  </appender>

  <appender name="LogRequestSI" type="log4net.Appender.RollingFileAppender" >

    <file value="C:/LogSI/BancaSI" />
    <datePattern value="dd-MM-yyyy'.log'" />
    <staticLogFileName value="false" />
    <appendToFile value="true" />
    <maximumFileSize value="50MB" />
    <maxSizeRollBackups value="25" />

    <layout type="log4net.Layout.PatternLayout">
      <conversionPattern value="%date%-5level %-50logger- %newline%message%newline%newline" />
    </layout>
  </appender>
  
  <logger additivity="false" name="LogRequest">
    <level value="DEBUG"/>
    <appender-ref ref="LogRequest" />
  </logger>

  <logger additivity="false" name="LogRequestSI">
    <level value="DEBUG"/>
    <appender-ref ref="LogRequestSI" />
  </logger>
  
  <appender name="LogResponse" type="log4net.Appender.RollingFileAppender">
    
    <file value="C:/Log/BancaResponse" />
    <datePattern value="dd-MM-yyyy'.log'" />
    <staticLogFileName value="false" />
    <appendToFile value="true" />
    <maximumFileSize value="20MB" />
    <maxSizeRollBackups value="10" />
    <layout type="log4net.Layout.PatternLayout">
      <conversionPattern value="%date%-5level %-50logger- %newline%message%newline" />
    </layout>
  </appender>
  
 <logger additivity="false" name="LogResponse">
    <level value="DEBUG"/>
    <appender-ref ref="LogResponse" />
  </logger>
  
  
  <!-- Set root logger level to DEBUG and its only appender to RollingFile --><!--
  <root>
    <level value="DEBUG" />
    <appender-ref ref="LogRequest" />
    <appender-ref ref="LogResponse" />
  </root>-->
</log4net>